,mal_id,url,title,title_japanese,title_romanji,aired,score,filler,recap,forum_url,poll_votes
0,1,https://myanimelist.net/anime/813/Dragon_Ball_Z/episode/1,The New Threat,ミニ悟空はおぼっちゃま！ボク悟飯です。,Mini Gokuu wa Obotchama! Boku Gohan Desu. ,1989-04-26T00:00:00+00:00,4.2,False,False,https://myanimelist.net/forum/?topicid=13008,190
1,2,https://myanimelist.net/anime/813/Dragon_Ball_Z/episode/2,Reunions,史上最強の戦士は悟空の兄だった！,Shijou Saikyou no Senshi wa Gokuu no Ani Datta! ,1989-05-03T00:00:00+00:00,4.4,False,False,https://myanimelist.net/forum/?topicid=13009,128
2,3,https://myanimelist.net/anime/813/Dragon_Ball_Z/episode/3,Unlikely Alliance,やった！これが地上最強のコンビだ！,Yatta! Kore ga Chijou Saikyou no Combo Da! ,1989-05-10T00:00:00+00:00,4.5,False,False,https://myanimelist.net/forum/?topicid=13010,92
3,4,https://myanimelist.net/anime/813/Dragon_Ball_Z/episode/4,Piccolo's Plan,ピッコロの切り札！悟飯は泣きむしクン,Pikkolo no Kirifuda! Gohan wa Nakimushikun ,1989-05-17T00:00:00+00:00,4.6,False,False,https://myanimelist.net/forum/?topicid=13011,77
4,5,https://myanimelist.net/anime/813/Dragon_Ball_Z/episode/5,Gohan's Rage,悟空死す！ラストチャンスは一度だけ,Gokuu Shisu! Last Chance wa Ichido Dake ,1989-05-24T00:00:00+00:00,4.5,False,False,https://myanimelist.net/forum/?topicid=13007,79
5,6,https://myanimelist.net/anime/813/Dragon_Ball_Z/episode/6,No Time Like the Present,エンマ様もビックリあの世でファイト,Enmasama mo Bikkuri: Ano Yo de Fight ,1989-06-07T00:00:00+00:00,4.5,False,False,https://myanimelist.net/forum/?topicid=13052,70
6,7,https://myanimelist.net/anime/813/Dragon_Ball_Z/episode/7,Day 1,恐竜とサバイバル！悟飯のツライ修行,Kyouryuu to Survival! Gohan no Tsurai Shugyou ,1989-06-14T00:00:00+00:00,4.2,False,False,https://myanimelist.net/forum/?topicid=13057,63
7,8,https://myanimelist.net/anime/813/Dragon_Ball_Z/episode/8,Gohan Goes Bananas!,月の輝く夜に大変身！悟飯パワーの秘密,Tsuki no Kagayaku Yoru ni Daihenshin! Gohan Power no Himitsu ,1989-06-21T00:00:00+00:00,4.4,False,False,https://myanimelist.net/forum/?topicid=13083,62
8,9,https://myanimelist.net/anime/813/Dragon_Ball_Z/episode/9,The Strangest Robot,ゴメンねロボットさん砂漠に消えた涙。,Gomen ne Robot-san Sabaku ni Kieta Namida. ,1989-06-28T00:00:00+00:00,4.2,True,False,https://myanimelist.net/forum/?topicid=13161,69
9,10,https://myanimelist.net/anime/813/Dragon_Ball_Z/episode/10,A New Friend,泣くな悟飯！はじめての闘い,Naku na Gohan! Hajimete no Tatakai ,1989-07-05T00:00:00+00:00,4.2,True,False,https://myanimelist.net/forum/?topicid=13188,71
10,11,https://myanimelist.net/anime/813/Dragon_Ball_Z/episode/11,Terror on Arlia,宇宙一の強戦士サイヤ人めざめる！,Uchuuichi no Kyousenshi Saiyajin Mezameru! ,1989-07-12T00:00:00+00:00,4.3,False,False,https://myanimelist.net/forum/?topicid=13333,62
11,12,https://myanimelist.net/anime/813/Dragon_Ball_Z/episode/12,Global Training,蛇の道でいねむり悟空が落っこちる,Hebi no Michi de Inemuri Gokuu ga Okkochiru ,1989-07-19T00:00:00+00:00,4.2,True,False,https://myanimelist.net/forum/?topicid=13336,63
12,13,https://myanimelist.net/anime/813/Dragon_Ball_Z/episode/13,Goz and Mez,手を出すな！エンマ様の秘密の果実,Te wo Dasu na! Enmasama no Himitsu no Kudamono ,1989-07-26T00:00:00+00:00,4.2,True,False,https://myanimelist.net/forum/?topicid=13340,49
13,14,https://myanimelist.net/anime/813/Dragon_Ball_Z/episode/14,Princess Snake,あま〜い誘惑！蛇姫さまのおもてなし,Amai Yuuwaku! Hebihimesama no Omotenashi ,1989-08-02T00:00:00+00:00,3.9,True,False,https://myanimelist.net/forum/?topicid=13345,58
14,15,https://myanimelist.net/anime/813/Dragon_Ball_Z/episode/15,Dueling Piccolos,ピッコロからの脱出！嵐を呼ぶ悟飯,Pikkolo kara no Dasshutsu! Arashi wo Yobu Gohan ,1989-08-09T00:00:00+00:00,4.0,True,False,https://myanimelist.net/forum/?topicid=354197,58
15,16,https://myanimelist.net/anime/813/Dragon_Ball_Z/episode/16,Plight of the Children,走れ悟飯！チチの待つなつかしのパオズ山,Hashire Gohan! Chichi no Matsu Natsukashi no Paozu Yama ,1989-08-16T00:00:00+00:00,4.0,True,False,https://myanimelist.net/forum/?topicid=276004,64
16,17,https://myanimelist.net/anime/813/Dragon_Ball_Z/episode/17,Pendulum Room Peril,明日なき街！勝利への遠い道のり,Asu Naki Machi! Shouri e no Toui Michinori ,1989-08-30T00:00:00+00:00,4.2,False,False,https://myanimelist.net/forum/?topicid=354199,57
17,18,https://myanimelist.net/anime/813/Dragon_Ball_Z/episode/18,The End of Snake Way,終点～ん蛇の道！おめえ界王様か？,Shuuten Hebi no Michi! Omee Kaiousama ka? ,1989-09-06T00:00:00+00:00,4.5,False,False,https://myanimelist.net/forum/?topicid=59544,60
18,19,https://myanimelist.net/anime/813/Dragon_Ball_Z/episode/19,Defying Gravity,重力との戦い！バブルス君をつかまえろ,Juuryoku to no Tatakai! Baburusukun wo Tsukamaero ,1989-09-13T00:00:00+00:00,4.5,False,False,https://myanimelist.net/forum/?topicid=354201,60
19,20,https://myanimelist.net/anime/813/Dragon_Ball_Z/episode/20,Goku's Ancestors,よみがえるサイヤ人伝説！悟空のルーツ,Yomigaeru Saiyajin Densetsu! Gokuu no Roots ,1989-09-20T00:00:00+00:00,4.4,False,False,https://myanimelist.net/forum/?topicid=354207,53
20,21,https://myanimelist.net/anime/813/Dragon_Ball_Z/episode/21,Counting Down,いでよ神龍！サイヤ人ついに地球到着,Ide yo Shenron! Saiyajin Tsui ni Chikyuu Touchaku ,1989-09-27T00:00:00+00:00,4.5,False,False,https://myanimelist.net/forum/?topicid=354213,54
21,22,https://myanimelist.net/anime/813/Dragon_Ball_Z/episode/22,The Darkest Day,んなバカな！土から生まれたサイバイマン,Nna Baka na! Tsuchi Kara Umareta Saibaiman ,1989-10-11T00:00:00+00:00,4.5,False,False,https://myanimelist.net/forum/?topicid=354215,47
22,23,https://myanimelist.net/anime/813/Dragon_Ball_Z/episode/23,Saibamen Attack!,ヤムチャ死す！おそるべしサイバイマン,Yamucha Shisu! Osorubeshi Saibaiman ,1989-10-18T00:00:00+00:00,4.6,False,False,https://myanimelist.net/forum/?topicid=354221,54
23,24,https://myanimelist.net/anime/813/Dragon_Ball_Z/episode/24,The Power of Nappa,さよなら天さん！餃子の捨て身の戦法,Sayonara Tensan! Chaozu no Sutemi no Senpou ,1989-10-25T00:00:00+00:00,4.5,False,False,https://myanimelist.net/forum/?topicid=354229,52
24,25,https://myanimelist.net/anime/813/Dragon_Ball_Z/episode/25,Sacrifice,天津飯絶叫！！これが最後の気功砲だ,Tenshinhan Zekkyou!! Kore ga Saigo no Kikouhou Da ,1989-11-01T00:00:00+00:00,4.6,False,False,https://myanimelist.net/forum/?topicid=354233,53
25,26,https://myanimelist.net/anime/813/Dragon_Ball_Z/episode/26,Nappa's Rampage,ひたすら待って３時間！弾丸飛行の筋斗雲,Hitasura Matte Sanjikan! Dangan Hikou no Kintoun ,1989-11-08T00:00:00+00:00,4.4,False,False,https://myanimelist.net/forum/?topicid=354245,52
26,27,https://myanimelist.net/anime/813/Dragon_Ball_Z/episode/27,Nimbus Speed,ぼくにまかせて！悟飯・怒りの大爆発,Boku ni Makasete! Gohan: Ikari no Daibakuhatsu ,1989-11-22T00:00:00+00:00,4.7,False,False,https://myanimelist.net/forum/?topicid=354307,51
27,28,https://myanimelist.net/anime/813/Dragon_Ball_Z/episode/28,Goku's Arrival,サイヤ人の猛威！神様もピッコロも死んだ,Saiyajin no Moui! Kamisama mo Pikkolo mo Shinda ,1989-11-29T00:00:00+00:00,4.8,False,False,https://myanimelist.net/forum/?topicid=354495,67
28,29,https://myanimelist.net/anime/813/Dragon_Ball_Z/episode/29,Lesson Number One,父さんすげぇや！究極の必殺技・界王拳,Tousan Sugee ya! Kyuukyoku no Hissatsuwaza: Kaiouken ,1989-12-06T00:00:00+00:00,4.7,False,False,https://myanimelist.net/forum/?topicid=354499,60
29,30,https://myanimelist.net/anime/813/Dragon_Ball_Z/episode/30,Goku vs. Vegeta,限界を超えた熱い戦い！悟空対ベジータ,Genkai wo Koeta Atsui Tatakai! Gokuu tai Vegeta ,1989-12-13T00:00:00+00:00,4.7,False,False,https://myanimelist.net/forum/?topicid=354587,64
30,31,https://myanimelist.net/anime/813/Dragon_Ball_Z/episode/31,Saiyan Sized Secret,いまだ悟空！すべてを賭けた最後の大技,Ima da Gokuu! Subete wo Kaketa Saigo no Oowaza ,1989-12-20T00:00:00+00:00,4.6,False,False,https://myanimelist.net/forum/?topicid=354599,57
31,32,https://myanimelist.net/anime/813/Dragon_Ball_Z/episode/32,Spirit Bomb Away!,戦闘力１０倍！！ベジータ大変身,Sentouryoku Juubai!! Vegeta Daihenshin ,1990-01-17T00:00:00+00:00,4.7,False,False,https://myanimelist.net/forum/?topicid=354617,50
32,33,https://myanimelist.net/anime/813/Dragon_Ball_Z/episode/33,Hero in the Shadows,死なないで父さん！！これが悟飯の底力,Shinanaide Tousan!! Kore ga Gohan no Sokojikara ,1990-01-24T00:00:00+00:00,4.7,False,False,https://myanimelist.net/forum/?topicid=691323,49
33,34,https://myanimelist.net/anime/813/Dragon_Ball_Z/episode/34,Krillin's Offensive,撃てクリリン！願いをこめた元気玉,Ute Kuririn! Negai wo Kometa Genkidama ,1990-01-31T00:00:00+00:00,4.8,False,False,https://myanimelist.net/forum/?topicid=354835,53
34,35,https://myanimelist.net/anime/813/Dragon_Ball_Z/episode/35,Mercy,奇跡を起こせ！スーパーサイヤ人孫悟飯,Kiseki wo Okose! Super Saiyajin Son Gohan ,1990-02-07T00:00:00+00:00,4.7,False,False,https://myanimelist.net/forum/?topicid=354837,56
35,36,https://myanimelist.net/anime/813/Dragon_Ball_Z/episode/36,Picking Up the Pieces,飛び出せ宇宙へ！希望の星はピッコロの故郷,Tobidase Uchuu e! Kibou no Hoshi wa Pikklo no Furusato ,1990-02-14T00:00:00+00:00,4.4,False,False,https://myanimelist.net/forum/?topicid=203805,52
36,37,https://myanimelist.net/anime/813/Dragon_Ball_Z/episode/37,Plans for Departure,謎のユンザビット！神様の宇宙船を探せ,Nazo no Yunzabitto! Kamisama no Uchuusen wo Sagase ,1990-02-21T00:00:00+00:00,4.5,False,False,https://myanimelist.net/forum/?topicid=354851,51
37,38,https://myanimelist.net/anime/813/Dragon_Ball_Z/episode/38,Nursing Wounds,ナメック星行き発進！悟飯たちを待つ恐怖,Namekkusei Iki Hasshin! Gohantachi wo Matsu Kyoufu ,1990-02-28T00:00:00+00:00,4.5,False,False,https://myanimelist.net/forum/?topicid=354867,45
38,39,https://myanimelist.net/anime/813/Dragon_Ball_Z/episode/39,Friends or Foes?,敵か味方か？謎の巨大宇宙船の子供たち,Teki ka Mikata ka? Nazo no Kyodai Uchuusen no Kodomotachi ,1990-03-07T00:00:00+00:00,3.9,True,False,https://myanimelist.net/forum/?topicid=354875,42
39,40,https://myanimelist.net/anime/813/Dragon_Ball_Z/episode/40,Held Captive,ホントにホント？あれが希望のナメック星,Honto ni Honto? Are ga Kibou no Namekkusei ,1990-03-14T00:00:00+00:00,4.0,True,False,https://myanimelist.net/forum/?topicid=354939,44
40,41,https://myanimelist.net/anime/813/Dragon_Ball_Z/episode/41,Look Out Below,親切な宇宙人いきなりあったよ五星球,Shinsetsu na Uchuujin: Ikinari Atta yo Uushinchuu ,1990-03-21T00:00:00+00:00,4.2,True,False,https://myanimelist.net/forum/?topicid=354955,43
41,42,https://myanimelist.net/anime/813/Dragon_Ball_Z/episode/42,The Search Continues,惑星フリーザＮＯ．７９復活のベジータ！！,Wakusei Freeza NO.79: Fukkatsu no Vegeta!! ,1990-04-04T00:00:00+00:00,4.0,True,False,https://myanimelist.net/forum/?topicid=354959,43
42,43,https://myanimelist.net/anime/813/Dragon_Ball_Z/episode/43,A Friendly Surprise,そろったぞ神龍球！ピッコロさんも生き返る,Sorotta zo Dragon Ball! Pikkolo-san mo Ikikaeru ,1990-04-11T00:00:00+00:00,3.9,True,False,https://myanimelist.net/forum/?topicid=354971,47
43,44,https://myanimelist.net/anime/813/Dragon_Ball_Z/episode/44,Brood of Evil,あらたな強敵！宇宙の帝王フリーザ,Arata na Kyouteki! Uchuu no Teiou Freeza ,1990-04-18T00:00:00+00:00,4.4,False,False,https://myanimelist.net/forum/?topicid=354977,46
44,45,https://myanimelist.net/anime/813/Dragon_Ball_Z/episode/45,Frieza Strikes!,野望のベジータ！宇宙一の戦士はオレだ！！,Yabou no! Uchuuichi no Senshi wa Ore Da!! ,1990-04-25T00:00:00+00:00,4.6,False,False,https://myanimelist.net/forum/?topicid=355041,44
45,46,https://myanimelist.net/anime/813/Dragon_Ball_Z/episode/46,Defying Orders,悟空パワー全開！！銀河の果てまで６日間,Gokuu Power Zenkai!! Ginga no Hate made Muikakan ,1990-05-02T00:00:00+00:00,4.5,False,False,https://myanimelist.net/forum/?topicid=355515,43
46,47,https://myanimelist.net/anime/813/Dragon_Ball_Z/episode/47,Namek's Defense,意表をついた攻撃！！長老の狙いはスカウター,Ihyou wo Tsuita Kougeki!! Chourou no Nerai wa Scouter ,1990-05-09T00:00:00+00:00,4.5,False,False,https://myanimelist.net/forum/?topicid=355663,46
47,48,https://myanimelist.net/anime/813/Dragon_Ball_Z/episode/48,The Hunted,悟飯危うし！死を呼ぶ追跡者ドドリア,Gohan Ayaushi! Shi wo Yobu Tsuisekisha Dodoria ,1990-05-16T00:00:00+00:00,4.6,False,False,https://myanimelist.net/forum/?topicid=355673,49
48,49,https://myanimelist.net/anime/813/Dragon_Ball_Z/episode/49,The Prince Fights Back,爆死ドドリア！ベジータの恐るべき衝撃波,Bakushi Dodoria! Vegeta no Osoru Beki Shougekiha ,1990-05-23T00:00:00+00:00,4.6,False,False,https://myanimelist.net/forum/?topicid=355691,45
49,50,https://myanimelist.net/anime/813/Dragon_Ball_Z/episode/50,Unexpected Problem,燃える惑星からの脱出！！命がけのカメハメ波,Moeru Wakusei kara no Dasshutsu!! Inochigake no Kamehameha ,1990-05-30T00:00:00+00:00,4.5,False,False,https://myanimelist.net/forum/?topicid=355709,51
50,51,https://myanimelist.net/anime/813/Dragon_Ball_Z/episode/51,Vegeta Has a Ball,勇気百倍！界王の下に集結する戦士たち,Yuuki Hyakubai! Kaiou no Moto ni Shuuketsu Suru Senshi-tachi ,1990-06-06T00:00:00+00:00,4.6,False,False,https://myanimelist.net/forum/?topicid=355747,40
51,52,https://myanimelist.net/anime/813/Dragon_Ball_Z/episode/52,The Past and Future,聞け悟空よ！フリーザには手を出すな,Kike Gokuu yo! Freeza ni wa Te wo Dasu na ,1990-06-20T00:00:00+00:00,4.6,False,False,https://myanimelist.net/forum/?topicid=355773,42
52,53,https://myanimelist.net/anime/813/Dragon_Ball_Z/episode/53,Zarbon's Surprise,ほとんど鳥肌！美戦士ザーボンの悪魔の変身,Hotondo Torihada! Bisenshi Zarbon no Akuma no Henshin ,1990-06-27T00:00:00+00:00,4.5,False,False,https://myanimelist.net/forum/?topicid=355777,49
53,54,https://myanimelist.net/anime/813/Dragon_Ball_Z/episode/54,Guru's Gift,希望の星を守れ！！クリリン驚異のパワーＵＰ,Kibou no Hoshi wo Mamore!! Kuririn Kyoui no Power-Up ,1990-07-04T00:00:00+00:00,4.5,False,False,https://myanimelist.net/forum/?topicid=355785,43
54,55,https://myanimelist.net/anime/813/Dragon_Ball_Z/episode/55,Piccolo vs. Everyone,死の淵からよみがえった奇跡の男・ベジータ,Shi no Fuchi kara Yomigaetta: Kiseki no Otoko - Vegeta ,1990-07-18T00:00:00+00:00,4.6,False,False,https://myanimelist.net/forum/?topicid=355799,45
55,56,https://myanimelist.net/anime/813/Dragon_Ball_Z/episode/56,Zarbon's Mission,どでかい戦闘力！！砕け散るフリーザの陰謀,Dodekai Sentouryoku!! Kudakechiru Freeza no Inbou ,1990-08-01T00:00:00+00:00,4.6,False,False,https://myanimelist.net/forum/?topicid=355831,42
56,57,https://myanimelist.net/anime/813/Dragon_Ball_Z/episode/57,"Gohan, the Hunted",元気が戻ったぞ！！１００倍超重力の中の悟空,Genki ga Modotta zo!! Hyakubai Choujuuryoku no Naka no Gokuu ,1990-08-08T00:00:00+00:00,4.5,False,False,https://myanimelist.net/forum/?topicid=355843,48
57,58,https://myanimelist.net/anime/813/Dragon_Ball_Z/episode/58,Unknown Enemies,フリーザの秘密兵器！悪魔のギニュー特戦隊,Freeza no Himitsu Heiki! Akuma no Ginyuu Tokusentai ,1990-08-22T00:00:00+00:00,4.6,False,False,https://myanimelist.net/forum/?topicid=355853,48
58,59,https://myanimelist.net/anime/813/Dragon_Ball_Z/episode/59,Destination: Guru,ブルマが危ない！！四星球はフリーザの手に,Buruma ga Abunai!! Suushinchuu wa Freeza no Te ni ,1990-08-29T00:00:00+00:00,3.6,False,False,https://myanimelist.net/forum/?topicid=355861,48
59,60,https://myanimelist.net/anime/813/Dragon_Ball_Z/episode/60,Bulma's Big Day,激突だ！！不屈の闘志の界王拳とカメハメ波,Gekitotsu da!! Fukutsu no Toushi no Kaiouken to Kamehameha ,1990-09-05T00:00:00+00:00,4.0,False,False,https://myanimelist.net/forum/?topicid=355865,45
60,61,https://myanimelist.net/anime/813/Dragon_Ball_Z/episode/61,Hidden Power,迫る超決戦！ギニュー特戦隊只今参上！！,Semaru Choukessen! Ginyuu Tokusentai Tadaima Sanjou!! ,1990-09-12T00:00:00+00:00,4.5,False,False,https://myanimelist.net/forum/?topicid=355883,45
61,62,https://myanimelist.net/anime/813/Dragon_Ball_Z/episode/62,"New Ally, New Problem",悟空が大接近！フリーザの包囲網をぶち破れ,Gokuu ga Daisekkin! Freeza no Houimou wo Buchiyabure ,1990-09-19T00:00:00+00:00,4.6,False,False,https://myanimelist.net/forum/?topicid=355903,51
62,63,https://myanimelist.net/anime/813/Dragon_Ball_Z/episode/63,Guldo's Mind Binds,超魔術かトリックか！？ＭＲ．グルドが怒ったぞ！,Choumajutsu ka Trick ka!? Mr. Ghurd ga Okotta zo! ,1990-09-26T00:00:00+00:00,4.5,False,False,https://myanimelist.net/forum/?topicid=355909,47
63,64,https://myanimelist.net/anime/813/Dragon_Ball_Z/episode/64,Recoome Unleashed,猛攻リクーム！！悪くて強くてとんでもない奴,Moui Recoom!! Warukute Tsuyokute Tondemonai Yatsu ,1990-10-24T00:00:00+00:00,4.6,False,False,https://myanimelist.net/forum/?topicid=355911,47
64,65,https://myanimelist.net/anime/813/Dragon_Ball_Z/episode/65,Let the Battle Begin,死ぬな悟飯！悟空、ついに決戦場に到着だ,"Shinu na Gohan! Gokuu, Tsui ni Kessenjou ni Touchaku Da ",1990-10-31T00:00:00+00:00,4.6,False,False,https://myanimelist.net/forum/?topicid=355923,41
65,66,https://myanimelist.net/anime/813/Dragon_Ball_Z/episode/66,Goku's New Power,ケタ外れの強さ！！伝説の超サイヤ人孫悟空,Ketahazure no Tsuyosa!! Densetsu no Super Saiyajin Son Gokuu ,1990-11-07T00:00:00+00:00,4.8,False,False,https://myanimelist.net/forum/?topicid=356303,52
66,67,https://myanimelist.net/anime/813/Dragon_Ball_Z/episode/67,A Legend Revealed,赤と青の光球！ジースとバータが悟空を襲う,Aka to Ao no Lightning Ball! Jheese to Butta ga Gokuu wo Osou ,1990-11-14T00:00:00+00:00,4.5,False,False,https://myanimelist.net/forum/?topicid=356307,45
67,68,https://myanimelist.net/anime/813/Dragon_Ball_Z/episode/68,Ginyu Assault,ついに直接対決！！ギニュー隊長のおでましだ,Tsui ni Chokusetsu Taiketsu!! Ginyuu Taichou no Odemashi Da ,1990-11-21T00:00:00+00:00,4.5,False,False,https://myanimelist.net/forum/?topicid=356311,49
68,69,https://myanimelist.net/anime/813/Dragon_Ball_Z/episode/69,Incredible Force!,凄まじい迫力！！見たか、悟空のフルパワー,"Susamajii Hakuryoku!! Mita ka, Gokuu no Full Power ",1990-11-28T00:00:00+00:00,4.7,False,False,https://myanimelist.net/forum/?topicid=356317,44
69,70,https://myanimelist.net/anime/813/Dragon_Ball_Z/episode/70,Frieza Approaches,闘いの行方！？最長老に迫るフリーザの魔の手,Tatakai no Yukue!? Saichourou ni Semaru Freeza no Ma no Te ,1990-12-05T00:00:00+00:00,4.4,False,False,https://myanimelist.net/forum/?topicid=356337,53
70,71,https://myanimelist.net/anime/813/Dragon_Ball_Z/episode/71,Goku is Ginyu and Ginyu is Goku,ビックリ！！悟空がギニューでギニューが悟空,Bikkuri!! Gokuu ga Ginyuu de Ginyuu ga Gokuu ,1990-12-12T00:00:00+00:00,4.2,False,False,https://myanimelist.net/forum/?topicid=356349,49
71,72,https://myanimelist.net/anime/813/Dragon_Ball_Z/episode/72,Calling the Eternal Dragon,出でよ超神龍！！ボクの願いをかなえたまえ,Ide yo Syper Shenron!! Boku no Negai wo Kanaetamae ,1990-12-19T00:00:00+00:00,4.4,False,False,https://myanimelist.net/forum/?topicid=356357,45
72,73,https://myanimelist.net/anime/813/Dragon_Ball_Z/episode/73,"Gohan, Defeat Your Dad!",奴はオラじゃネェ！悟飯びびるな父を撃て！！,Yatsu wa Ora ja Nee! Gohan Bibiru na Chichi wo Ute!! ,1991-01-16T00:00:00+00:00,4.5,False,False,https://myanimelist.net/forum/?topicid=356363,42
73,74,https://myanimelist.net/anime/813/Dragon_Ball_Z/episode/74,Captain Ginyu... The Frog,大誤算！！ギニューがカエルになっちゃった,Daigosan!! Ginyuu ga Kaeru ni Natchatta ,1991-01-23T00:00:00+00:00,4.5,False,False,https://myanimelist.net/forum/?topicid=356367,49
74,75,https://myanimelist.net/anime/813/Dragon_Ball_Z/episode/75,Password is Porunga,七ッの玉を揃えし者よ…さあ合言葉を言え！,Nanatsu no Tama wo Soroeshi Mono yo... Saa Aikotoba wo Ie! ,1991-01-30T00:00:00+00:00,4.6,False,False,https://myanimelist.net/forum/?topicid=356373,44
75,76,https://myanimelist.net/anime/813/Dragon_Ball_Z/episode/76,Piccolo's Return,神様も生き返った！超神龍でピッコロが復活,Kamisama mo Ikikaetta! Super Shen Long de Pikkolo ga Fukkatsu ,1991-02-06T00:00:00+00:00,4.5,False,False,https://myanimelist.net/forum/?topicid=356377,48
76,77,https://myanimelist.net/anime/813/Dragon_Ball_Z/episode/77,The Fusion,最強戦士の誕生か！？ネイルとピッコロが合体,Saikyou Senshi no Tanjou ka!? Nail to Pikkolo ga Gattai ,1991-02-13T00:00:00+00:00,4.5,False,False,https://myanimelist.net/forum/?topicid=356385,44
77,78,https://myanimelist.net/anime/813/Dragon_Ball_Z/episode/78,Fighting Power: One Million?,悪夢の超変身！！戦闘力１００万のフリーザ,Akumu no Chouhenshin!! Sentouryoku Hyakuman no Freeza ,1991-02-20T00:00:00+00:00,4.5,False,False,https://myanimelist.net/forum/?topicid=356395,46
78,79,https://myanimelist.net/anime/813/Dragon_Ball_Z/episode/79,Gohan Attacks,ここまでか！？凶悪超絶パワーが悟飯を襲う,Koko made ka!? Kyouaku Chouzetsu Power ga Gohan wo Osou ,1991-02-27T00:00:00+00:00,4.5,False,False,https://myanimelist.net/forum/?topicid=122135,44
79,80,https://myanimelist.net/anime/813/Dragon_Ball_Z/episode/80,Piccolo the Super-Namek,一気に形勢逆転！！遅れてきた戦士・ピッコロ,Ikki ni Keisei Gyakuten!! Okurete Kita Senshi: Pikkolo ,1991-03-06T00:00:00+00:00,4.6,False,False,https://myanimelist.net/forum/?topicid=122136,53
80,81,https://myanimelist.net/anime/813/Dragon_Ball_Z/episode/81,Deja Vu,ピッコロの自信！フリーザを倒すのはオレだ,Pikkolo no Jishin! Freeza wo Taosu no wa Ore da ,1991-03-13T00:00:00+00:00,4.6,False,False,https://myanimelist.net/forum/?topicid=122138,47
81,82,https://myanimelist.net/anime/813/Dragon_Ball_Z/episode/82,Frieza's Second Transformation,出撃だ悟空！！激怒のフリーザが第２の変身,Shutsugeki da Gokuu!! Gekido no Freeza ga Daini no Henshin ,1991-03-20T00:00:00+00:00,4.5,False,False,https://myanimelist.net/forum/?topicid=356421,44
82,83,https://myanimelist.net/anime/813/Dragon_Ball_Z/episode/83,Another Transformation?,恐怖しろ！！フリーザは３度の変身で勝負する,Kyoufu Shiro!! Freeza wa Sando no Henshin de Shoubu Suru ,1991-03-27T00:00:00+00:00,4.5,False,False,https://myanimelist.net/forum/?topicid=356521,49
83,84,https://myanimelist.net/anime/813/Dragon_Ball_Z/episode/84,Dende's Demise,デンデの死…でてこい！とびきり全開パワー,Dende no Shi... Dete Koi! Tobikiri Zenkai Power ,1991-04-03T00:00:00+00:00,4.3,False,False,https://myanimelist.net/forum/?topicid=356553,41
84,85,https://myanimelist.net/anime/813/Dragon_Ball_Z/episode/85,The Renewed Goku,待ちに待ったぜ、この瞬間！！！孫悟空が復活だ,"Machi ni Matta ze, Kono Shunkan!!! Son Gokuu ga Fukkatsu da ",1991-04-10T00:00:00+00:00,4.5,False,False,https://myanimelist.net/forum/?topicid=356557,48
85,86,https://myanimelist.net/anime/813/Dragon_Ball_Z/episode/86,The End of Vegeta,無念…！！誇り高きサイヤ人・ベジータ死す,Munen...!! Hokori Takaki Saiyajin Vegeta Shisu ,1991-04-17T00:00:00+00:00,4.7,False,False,https://myanimelist.net/forum/?topicid=356559,61
86,87,https://myanimelist.net/anime/813/Dragon_Ball_Z/episode/87,The Ultimate Battle,超決戦の幕開けだ！！おめえだけはオラが倒す,Chou Kessen no Makuake da!! Omeedake wa Ora ga Taosu ,1991-04-24T00:00:00+00:00,4.3,False,False,https://myanimelist.net/forum/?topicid=356561,48
87,88,https://myanimelist.net/anime/813/Dragon_Ball_Z/episode/88,Clash of the Super Powers,激突の２大超パワー！本気同士の肉弾戦！！！,Gekitotsu no Ni Dai Chou Power! Honki Doushi no Nikudan Sen!!! ,1991-05-01T00:00:00+00:00,4.4,False,False,https://myanimelist.net/forum/?topicid=356567,45
88,89,https://myanimelist.net/anime/813/Dragon_Ball_Z/episode/89,Frieza's Boast,フリーザ恐怖の宣言！手を使わずお前を倒す,Freeza Kyoufu no Sengen! Te wo Tsukawazu Omae wo Taosu ,1991-05-08T00:00:00+00:00,4.5,False,False,https://myanimelist.net/forum/?topicid=356569,44
89,90,https://myanimelist.net/anime/813/Dragon_Ball_Z/episode/90,Bold and Fearless,ハッタリじゃねえぞ！！大胆素敵な奴・孫悟空,Hattari ja nee zo!! Daitan Suteki na Yatsu: Son Gokuu ,1991-05-15T00:00:00+00:00,4.3,False,False,https://myanimelist.net/forum/?topicid=356585,49
90,91,https://myanimelist.net/anime/813/Dragon_Ball_Z/episode/91,Embodiment of Fire,決着だ！！炎の化身２０倍界王拳のカメハメ波,Ketchaku da!! Honou no Keshin Nijuubai Kaiouken no Kamehameha ,1991-05-22T00:00:00+00:00,4.4,False,False,https://myanimelist.net/forum/?topicid=356885,45
91,92,https://myanimelist.net/anime/813/Dragon_Ball_Z/episode/92,Trump Card,超特大の元気玉これが最後の切り札だ！！,Chou Tokudai no Genki Dama Kore ga Saikyou no Kirifuda da!! ,1991-05-29T00:00:00+00:00,4.5,False,False,https://myanimelist.net/forum/?topicid=356913,40
92,93,https://myanimelist.net/anime/813/Dragon_Ball_Z/episode/93,Keep the Chance Alive!!,チャンスを生かせ！！ピッコロ捨身の援護射撃,Chansu wo Ikase!! Pikkolo Sutemi no Engo Shageki ,1991-06-05T00:00:00+00:00,4.3,False,False,https://myanimelist.net/forum/?topicid=356937,39
93,94,https://myanimelist.net/anime/813/Dragon_Ball_Z/episode/94,Power of the Spirit,元気玉の超破壊力！！生き残ったのは誰だ！？,Genki Dama no Chou Hakairyoku!! Ikinokotta no wa Dare da!? ,1991-06-12T00:00:00+00:00,4.6,False,False,https://myanimelist.net/forum/?topicid=357277,45
94,95,https://myanimelist.net/anime/813/Dragon_Ball_Z/episode/95,Transformed at Last,ついに変身！！伝説の超サイヤ人・孫悟空,Tsui ni Henshin!! Densetsu no Super Saiyajin Son Gokuu ,1991-06-19T00:00:00+00:00,4.7,False,False,https://myanimelist.net/forum/?topicid=167588,92
95,96,https://myanimelist.net/anime/813/Dragon_Ball_Z/episode/96,Explosion of Anger,怒り爆発！！悟空よ、みんなの仇を討ってくれ,"Ikari Bakuhatsu!! Gokuu yo, Minna no Kataki wo Uttekure ",1991-06-26T00:00:00+00:00,4.7,False,False,https://myanimelist.net/forum/?topicid=358035,52
96,97,https://myanimelist.net/anime/813/Dragon_Ball_Z/episode/97,Namek's Destruction?,ナメック星消滅か！？大地を貫く魔の閃光,Nameksei Shoumetsu ka!? Daichi wo Tsuranuku Ma no Senkou ,1991-07-03T00:00:00+00:00,4.6,False,False,https://myanimelist.net/forum/?topicid=358049,46
97,98,https://myanimelist.net/anime/813/Dragon_Ball_Z/episode/98,A Final Attack,勝つのはオレだ…生き残りをかけた最終攻撃,Katsu no wa Ore Da... Ikinokori wo Kaketa Saishuu Kougeki ,1991-07-10T00:00:00+00:00,4.3,False,False,https://myanimelist.net/forum/?topicid=358061,45
98,99,https://myanimelist.net/anime/813/Dragon_Ball_Z/episode/99,Approaching Destruction,神龍よ宇宙を走れ！！迫るナメック星消滅の時,Shen Long yo Uchuu wo Hashire!! Semaru Nameksei Shoumetsu no Toki ,1991-07-17T00:00:00+00:00,4.5,False,False,https://myanimelist.net/forum/?topicid=358065,42
99,100,https://myanimelist.net/anime/813/Dragon_Ball_Z/episode/100,Gohan Returns,ボクは孫悟空の息子だ！！悟飯、再び決戦場へ,"Boku wa Son Gokuu no Musuko da!! Gohan, Futatabi Kessenjou e ",1991-07-24T00:00:00+00:00,4.5,True,False,https://myanimelist.net/forum/?topicid=358073,55
100,101,https://myanimelist.net/anime/813/Dragon_Ball_Z/episode/101,The Last Wish,オレはこの星に残る！！勝利への最後の願い,Ore wa Kono Hoshi ni Nokoru!! Shouri e no Saigo no Negai ,1991-07-31T00:00:00+00:00,4.7,False,False,https://myanimelist.net/forum/?topicid=358075,48
101,102,https://myanimelist.net/anime/813/Dragon_Ball_Z/episode/102,Duel on a Vanishing Planet,ととことんやろうぜ！！消えゆく星に残った二人,Tokoton Yarouze!! Kieyuku Hoshi ni Nokotta Futari ,1991-08-07T00:00:00+00:00,4.3,True,False,https://myanimelist.net/forum/?topicid=358081,42
102,103,https://myanimelist.net/anime/813/Dragon_Ball_Z/episode/103,Pathos of Frieza,哀れフリーザ！震えだしたら止まらない！！,Aware Freeza! Furue Dashitara Tomaranai!! ,1991-08-14T00:00:00+00:00,4.5,False,False,https://myanimelist.net/forum/?topicid=358083,44
103,104,https://myanimelist.net/anime/813/Dragon_Ball_Z/episode/104,Frieza Defeated!!,悟空の勝利宣言だ！！フリーザが自滅する時…,Gokuu no Shouri Sengen da!! Freeza ga Jimetsu Suru Toki... ,1991-08-21T00:00:00+00:00,4.7,False,False,https://myanimelist.net/forum/?topicid=358111,46
104,105,https://myanimelist.net/anime/813/Dragon_Ball_Z/episode/105,Mighty Blast of Rage,フリーザ敗れる！！すべての怒りをこめた一撃,Freeza Yabureru!! Subete no Ikari wo Kometa Ichigeki ,1991-08-28T00:00:00+00:00,4.2,False,False,https://myanimelist.net/forum/?topicid=358403,48
105,106,https://myanimelist.net/anime/813/Dragon_Ball_Z/episode/106,Namek's Explosion... Goku's End?,ナメック星大爆発！！宇宙に消えた悟空,Nameksei Dai Bakuhatsu!! Uchuu ni Kieta Gokuu ,1991-09-04T00:00:00+00:00,4.4,False,False,https://myanimelist.net/forum/?topicid=358407,52
106,107,https://myanimelist.net/anime/813/Dragon_Ball_Z/episode/107,Goku's Alive!!,生きていた孫悟空Ｚ戦士が全員復活だ！！,Ikiteita Son Gokuu Z Senshi ga Zenin Fukkatsu da!! ,1991-09-11T00:00:00+00:00,4.5,False,False,https://myanimelist.net/forum/?topicid=241548,61
107,108,https://myanimelist.net/anime/813/Dragon_Ball_Z/episode/108,The Heavens Tremble,天界が大変だ！！ガーリックＪｒが神になる！？,Tenkai ga Taihen da!! Garlic Jr ga Kami ni Naru!? ,1991-09-18T00:00:00+00:00,3.9,True,False,https://myanimelist.net/forum/?topicid=32825,44
108,109,https://myanimelist.net/anime/813/Dragon_Ball_Z/episode/109,Black Fog of Terror,恐怖の黒い霧…！！みんな魔族になっちゃった,Kyoufu no Kuroi Kiri...!! Minna Mazoku ni Natchatta ,1991-09-25T00:00:00+00:00,4.0,True,False,https://myanimelist.net/forum/?topicid=537780,40
109,110,https://myanimelist.net/anime/813/Dragon_Ball_Z/episode/110,Battle in Kami's Lookout,天界が戦場だ！！ピッコロが魔族に逆戻り…,Tenkai ga Senjou da!! Pikkoro ga Mazoku ni Gyaku Modori... ,1991-10-02T00:00:00+00:00,3.5,True,False,https://myanimelist.net/forum/?topicid=542988,41
110,111,https://myanimelist.net/anime/813/Dragon_Ball_Z/episode/111,Fight with Piccolo,ピッコロと直接対決！！天界に怒りの魔せん光,Pikkolo to Kyokusetsu Taiketsu!! Tenkai ni Ikari no Masenko ,1991-10-09T00:00:00+00:00,3.7,True,False,https://myanimelist.net/forum/?topicid=599905,40
111,112,https://myanimelist.net/anime/813/Dragon_Ball_Z/episode/112,Call for Restoration,みんなの心を取り戻せ！！神殿に眠る超神水,Minna no Kokoro wo Torimodose!! Shinden ni Nemuru Chou Shinsui ,1991-10-16T00:00:00+00:00,3.7,True,False,https://myanimelist.net/forum/?topicid=599913,39
112,113,https://myanimelist.net/anime/813/Dragon_Ball_Z/episode/113,Suicidal Course,朝まで待てない！！神様の覚悟をきめた決死行,Asa made Matenai!! Kamisama no Kakugo wo Kimeta Kesshikou ,1991-10-23T00:00:00+00:00,3.7,True,False,https://myanimelist.net/forum/?topicid=599921,36
113,114,https://myanimelist.net/anime/813/Dragon_Ball_Z/episode/114,Extreme Measures,超過激に勝負だ！！掟やぶりの神様,Chou Kageki ni Shoubu da!! Okite Yaburi no Kamisama ,1991-10-30T00:00:00+00:00,3.7,True,False,https://myanimelist.net/forum/?topicid=599937,35
114,115,https://myanimelist.net/anime/813/Dragon_Ball_Z/episode/115,The World Awakens,効いたぜ超神水！！世界が悪夢からさめた,Kiita ze Chou Shinsui!! Sekai ga Akumu kara Sameta ,1991-11-06T00:00:00+00:00,3.7,True,False,https://myanimelist.net/forum/?topicid=600019,37
115,116,https://myanimelist.net/anime/813/Dragon_Ball_Z/episode/116,Brief Chance for Victory,悟飯に一瞬の勝機！！あの魔凶星を撃て…,Gohan ni Isshun no Shouki!! Ano Makyousei wo Ute... ,1991-11-13T00:00:00+00:00,3.9,True,False,https://myanimelist.net/forum/?topicid=600033,39
116,117,https://myanimelist.net/anime/813/Dragon_Ball_Z/episode/117,Krillin's Proposal,クリリン１０１回目のプロポーズ,Otoko da nee...Kuririn Hyakuikkaime no Proposal ,1991-11-20T00:00:00+00:00,4.2,True,False,https://myanimelist.net/forum/?topicid=600037,45
117,118,https://myanimelist.net/anime/813/Dragon_Ball_Z/episode/118,Frieza's Counterattack,あれが地球だよパパ…フリーザ親子の逆襲,Are ga Chikyuu dayo Papa... Freeza Oyako no Gyakushuu ,1991-11-27T00:00:00+00:00,4.4,False,False,https://myanimelist.net/forum/?topicid=543396,48
118,119,https://myanimelist.net/anime/813/Dragon_Ball_Z/episode/119,The Mysterious Youth,フリーザはボクが倒す…悟空を待つ謎の少年,Freeza wa Boku ga Taosu... Gokuu wo Matsu Nazo no Shounen ,1991-12-04T00:00:00+00:00,4.6,False,False,https://myanimelist.net/forum/?topicid=592185,47
119,120,https://myanimelist.net/anime/813/Dragon_Ball_Z/episode/120,Another Super Saiyan?,フリーザを一刃両断！！もう一人の超サイヤ人,Freeza wo Ittou Ryoudan!! Mou Hitori no Super Saiyajin ,1991-12-11T00:00:00+00:00,4.7,False,False,https://myanimelist.net/forum/?topicid=608555,55
120,121,https://myanimelist.net/anime/813/Dragon_Ball_Z/episode/121,Welcome Back Goku,オッス！！ひさしぶり…帰って来た孫悟空,Ossu!! Hisashiburi... Kaettekita Son Gokuu ,1991-12-18T00:00:00+00:00,4.7,False,False,https://myanimelist.net/forum/?topicid=608561,45
121,122,https://myanimelist.net/anime/813/Dragon_Ball_Z/episode/122,Mystery Revealed,ボクの父はベジータです…謎の少年の告白,Boku no Chichi wa Vegeta desu... Nazo no Shounen no Kokuhaku ,1992-01-15T00:00:00+00:00,4.8,False,False,https://myanimelist.net/forum/?topicid=265674,55
122,123,https://myanimelist.net/anime/813/Dragon_Ball_Z/episode/123,Goku's Special Technique,悟空の新必殺技！？見てくれ、オラの瞬間移動,"Gokuu no Shin Hissatsu Waza!? Mitekure, Ora no Shunkan Idou ",1992-01-22T00:00:00+00:00,4.6,False,False,https://myanimelist.net/forum/?topicid=618561,42
123,124,https://myanimelist.net/anime/813/Dragon_Ball_Z/episode/124,Z Warriors Prepare,こえてやる…悟空を！！戦闘民族サイヤ人の王,Koeteyaru...Gokuu wo!! Sentou Minzoku Saiyajin no Ou ,1992-01-29T00:00:00+00:00,4.4,True,False,https://myanimelist.net/forum/?topicid=618573,42
124,125,https://myanimelist.net/anime/813/Dragon_Ball_Z/episode/125,Goku's Ordeal,免許皆伝？悟空の新たなる試練,Menkyo Kaiden? Gokuu no Aratanaru Shiren ,1992-02-05T00:00:00+00:00,4.5,True,False,https://myanimelist.net/forum/?topicid=693961,57
125,126,https://myanimelist.net/anime/813/Dragon_Ball_Z/episode/126,The Androids Appear,気配を持たぬ殺人鬼どいつが人造人間だ！？,Kehai wo Motanu Satsujinki Doitsu ga Jinzou Ningen da!? ,1992-02-12T00:00:00+00:00,4.6,False,False,https://myanimelist.net/forum/?topicid=693963,40
126,127,https://myanimelist.net/anime/813/Dragon_Ball_Z/episode/127,A Handy Trick,冷血２０号の悪逆非道！！悟空・怒りの超変身,Reiketsu Nijuugou no Akugyaku Hidou!! Gokuu: Ikari no Chouhenshin ,1992-02-19T00:00:00+00:00,4.4,False,False,https://myanimelist.net/forum/?topicid=693975,42
127,128,https://myanimelist.net/anime/813/Dragon_Ball_Z/episode/128,Double Trouble for Goku,悟空、ダブルショック！！病と敵のはさみ撃ち,"Gokuu, Double Shock!! Yamai to Teki no Hasamiuchi ",1992-02-26T00:00:00+00:00,4.2,False,False,https://myanimelist.net/forum/?topicid=629573,39
128,129,https://myanimelist.net/anime/813/Dragon_Ball_Z/episode/129,Upgrade to Super Saiyan,ベジータ強し！！目覚める超サイヤ人の血,Vegeta Tsuyoshi!! Mezameru Super Saiyajin no Chi ,1992-03-04T00:00:00+00:00,4.5,False,False,https://myanimelist.net/forum/?topicid=693989,50
129,130,https://myanimelist.net/anime/813/Dragon_Ball_Z/episode/130,The Secret of Dr. Gero,２０号の不敵な笑い…ドクターゲロの秘密,20-gou no Futeki na Warai... Doctor Gero no Himitsu ,1992-03-11T00:00:00+00:00,4.5,False,False,https://myanimelist.net/forum/?topicid=693999,46
130,131,https://myanimelist.net/anime/813/Dragon_Ball_Z/episode/131,More Androids?!,事実は未来より恐ろしい！？トランクスの疑惑,Jijitsu wa Mirai yori Osoroshii!? Torankusu no Giwaku ,1992-03-18T00:00:00+00:00,4.6,False,False,https://myanimelist.net/forum/?topicid=694007,38
131,132,https://myanimelist.net/anime/813/Dragon_Ball_Z/episode/132,Follow Dr. Gero,追撃！！ドクターゲロ謎の研究所を探し出せ,Tsuigeki!! Doctor Gero Nazo no Kenkyuujo wo Sagashidase ,1992-03-25T00:00:00+00:00,4.3,False,False,https://myanimelist.net/forum/?topicid=694013,39
132,133,https://myanimelist.net/anime/813/Dragon_Ball_Z/episode/133,Nightmare Comes True,そして恐怖が現実に…目覚める１７号と１８号！！,Soshite Kyoufu ga Genjitsu ni... Mezameru 17-gou to 18-gou!! ,1992-04-01T00:00:00+00:00,4.4,False,False,https://myanimelist.net/forum/?topicid=694017,39
133,134,https://myanimelist.net/anime/813/Dragon_Ball_Z/episode/134,Goku's Assassin,すべてが手遅れか！？悟空を殺す最終兵器,Subete ga Teokure ka!? Gokuu wo Korosu Saishuu Heiki ,1992-04-08T00:00:00+00:00,4.4,False,False,https://myanimelist.net/forum/?topicid=629609,36
134,135,https://myanimelist.net/anime/813/Dragon_Ball_Z/episode/135,Deadly Beauty,カワイイ顔で超パワー！？１８号に死角なし,Kawaii Kao de Chou Power!? 18-gou ni Shikaku Nashi ,1992-04-15T00:00:00+00:00,4.6,False,False,https://myanimelist.net/forum/?topicid=694025,43
135,136,https://myanimelist.net/anime/813/Dragon_Ball_Z/episode/136,No Match for the Androids,誰にも奴らを止められない…Ｚ戦士全滅か！？,Dare nimo Yatsura wo Tomerarenai... Z Senshi Zenmetsu ka!? ,1992-04-22T00:00:00+00:00,4.5,False,False,https://myanimelist.net/forum/?topicid=694033,33
136,137,https://myanimelist.net/anime/813/Dragon_Ball_Z/episode/137,Last Ditch Effort,ピッコロの決意！！とっておきの最後の手段,Pikkolo no Ketsui!! Totteoki no Saigo no Shudan ,1992-04-29T00:00:00+00:00,4.3,False,False,https://myanimelist.net/forum/?topicid=694047,33
137,138,https://myanimelist.net/anime/813/Dragon_Ball_Z/episode/138,Closing In,歩く超破壊兵器！！人造人間が悟空に迫る,Aruku Chouhakai Heiki!! Jinzou Ningen ga Gokuu ni Semaru ,1992-05-06T00:00:00+00:00,4.3,False,False,https://myanimelist.net/forum/?topicid=694059,33
138,139,https://myanimelist.net/anime/813/Dragon_Ball_Z/episode/139,Unwelcome Discovery,不吉な予感！ブルマが知らせたミステリー,Fukitsu na Yokan! Bulma ga Shiraseta Mystery ,1992-05-13T00:00:00+00:00,4.4,False,False,https://myanimelist.net/forum/?topicid=694067,39
139,140,https://myanimelist.net/anime/813/Dragon_Ball_Z/episode/140,Seized with Fear,邪悪の卵を発見！！恐怖するトランクス,Jaaku no Tamago wo Hakken!! Kyoufu Suru Trunks ,1992-05-20T00:00:00+00:00,4.5,False,False,https://myanimelist.net/forum/?topicid=694073,38
140,141,https://myanimelist.net/anime/813/Dragon_Ball_Z/episode/141,The Reunion,かつてない敵に向けて…超ナメック星人誕生！！,Katsutenai Teki ni Mukete... Super Namekseijin Tanjou!! ,1992-05-27T00:00:00+00:00,4.7,False,False,https://myanimelist.net/forum/?topicid=694083,43
141,142,https://myanimelist.net/anime/813/Dragon_Ball_Z/episode/142,Borrowed Powers,カメハメ波！？悟空の気を持つモンスター,Kamehameha!? Gokuu no Ki wo Motsu Monster ,1992-06-03T00:00:00+00:00,4.6,False,False,https://myanimelist.net/forum/?topicid=694089,37
142,143,https://myanimelist.net/anime/813/Dragon_Ball_Z/episode/143,His Name is Cell,憎悪と破壊の生命体！！奴の名は人造人間セル,Zouo to Hakai no Seimeitai!! Yatsu no Na wa Jinzou Ningen Cell ,1992-06-10T00:00:00+00:00,4.5,False,False,https://myanimelist.net/forum/?topicid=694107,39
143,144,https://myanimelist.net/anime/813/Dragon_Ball_Z/episode/144,Piccolo's Folly,ピッコロ痛恨の大失敗！セルが街に放たれた！,Pikkolo Tsuukon no Daishippai! Cell ga Machi ni Hanatareta! ,1992-06-17T00:00:00+00:00,4.6,False,False,https://myanimelist.net/forum/?topicid=694109,32
144,145,https://myanimelist.net/anime/813/Dragon_Ball_Z/episode/145,Laboratory Basement,セル誕生の秘密！研究所の地下に何がある！？,Cell Tanjou no Himitsu! Kenkyuujo no Chika ni Nani ga Aru!? ,1992-06-24T00:00:00+00:00,4.5,False,False,https://myanimelist.net/forum/?topicid=694117,41
145,146,https://myanimelist.net/anime/813/Dragon_Ball_Z/episode/146,Our Hero Awakes,悟空闘いへの目覚め！超サイヤ人を超えろ！！,Gokuu Tatakai e no Mezame! Super Saiyajin wo Koero!! ,1992-07-01T00:00:00+00:00,4.6,False,False,https://myanimelist.net/forum/?topicid=694119,35
146,147,https://myanimelist.net/anime/813/Dragon_Ball_Z/episode/147,Time Chamber,修行を急げサイヤ人！精神と時の部屋で…,Shugyou wo Isoge Saiyajin! Seishin to Toki no Heya de... ,1992-07-08T00:00:00+00:00,4.6,False,False,https://myanimelist.net/forum/?topicid=694123,38
147,148,https://myanimelist.net/anime/813/Dragon_Ball_Z/episode/148,The Monster is Coming,天を裂く激烈光弾！！ピッコロＶＳ人造人間１７号,Ten wo Saku Gekiretsu Koudan!! Pikkoro vs Jinzou Ningen 17-gou ,1992-07-15T00:00:00+00:00,4.5,False,False,https://myanimelist.net/forum/?topicid=694129,30
148,149,https://myanimelist.net/anime/813/Dragon_Ball_Z/episode/149,He's Here,この日を待っていた！！セル・完全体への序曲,Kono Hi wo Matte Ita!! Cell Kanzentai eno Jokyoku ,1992-07-22T00:00:00+00:00,4.6,False,False,https://myanimelist.net/forum/?topicid=694133,30
149,150,https://myanimelist.net/anime/813/Dragon_Ball_Z/episode/150,Up to Piccolo,捨て身の反撃及ばず！ピッコロ燃え尽きる！！,Sutemi no Hangeki Oyobazu! Pikkolo Moetsukiru!! ,1992-07-29T00:00:00+00:00,4.6,False,False,https://myanimelist.net/forum/?topicid=694143,38
150,151,https://myanimelist.net/anime/813/Dragon_Ball_Z/episode/151,Silent Warrior,残された唯一の望み…無言の戦士１６号立つ！！,Nokosareta Yuiitsu no Nozomi... Mugon no Senshi 16-gou Tatsu!! ,1992-08-05T00:00:00+00:00,4.5,False,False,https://myanimelist.net/forum/?topicid=609955,40
151,152,https://myanimelist.net/anime/813/Dragon_Ball_Z/episode/152,"Say Goodbye, 17",１７号を飲み込んだ…変身セルは超グルメ,17-gou wo Nomikonda... Henshin Cell wa Chou Gurume ,1992-08-12T00:00:00+00:00,4.7,False,False,https://myanimelist.net/forum/?topicid=610023,48
152,153,https://myanimelist.net/anime/813/Dragon_Ball_Z/episode/153,Sacrifice,明日はオメエを叩きのめす！！悟空の挑戦状,Ashita wa Omee wo Tatakinomesu!! Gokuu no Chousenjou ,1992-08-19T00:00:00+00:00,4.7,False,False,https://myanimelist.net/forum/?topicid=694163,34
153,154,https://myanimelist.net/anime/813/Dragon_Ball_Z/episode/154,Saiyans Emerge,全てオレが片付ける！！新生ベジータ親子出撃,Subete Ore ga Katazukeru!! Shinsei Vegeta Oyako Shutsugeki ,1992-08-26T00:00:00+00:00,4.6,False,False,https://myanimelist.net/forum/?topicid=694167,33
154,155,https://myanimelist.net/anime/813/Dragon_Ball_Z/episode/155,Super Vegeta,いきなり全開！！光り輝くベジータの超パワー,Ikinari Zenkai!! Hikarikagayaku Vegeta no Chou Power ,1992-09-02T00:00:00+00:00,4.6,False,False,https://myanimelist.net/forum/?topicid=694171,33
155,156,https://myanimelist.net/anime/813/Dragon_Ball_Z/episode/156,Bow to the Prince,セルよひざまずけ！オレは超ベジータだ！！,Cell yo Hizamazuke! Ore wa Super Vegeta da!! ,1992-09-09T00:00:00+00:00,4.6,False,False,https://myanimelist.net/forum/?topicid=694173,39
156,157,https://myanimelist.net/anime/813/Dragon_Ball_Z/episode/157,Hour of Temptation,危険なプライド！！完全体セルへの挑戦,Kiken na Pride!! Kanzentai Cell e no Chousen ,1992-09-16T00:00:00+00:00,4.5,False,False,https://myanimelist.net/forum/?topicid=694177,37
157,158,https://myanimelist.net/anime/813/Dragon_Ball_Z/episode/158,Krillin's Decision,オレ悩んじゃう！！クリリンの１８号破壊工作,Ore Nayanjau!! Kuririn no 18-gou Hakai Kousaku ,1992-09-23T00:00:00+00:00,4.3,False,False,https://myanimelist.net/forum/?topicid=694181,38
158,159,https://myanimelist.net/anime/813/Dragon_Ball_Z/episode/159,The Last Defense,全宇宙に衝撃！！セル、完全体へ驚異の進化,"Zenuchuu ni Shougeki!! Cell, Kanzentai e Kyoui no Shinka ",1992-09-30T00:00:00+00:00,4.4,False,False,https://myanimelist.net/forum/?topicid=694183,41
159,160,https://myanimelist.net/anime/813/Dragon_Ball_Z/episode/160,Cell is Complete,戦闘力無限大！！セルという名の破壊神誕生,Sentouryoku Mugendai!! Cell to Iu Na no Hakaishin Tanjou ,1992-10-14T00:00:00+00:00,4.5,False,False,https://myanimelist.net/forum/?topicid=694193,42
160,161,https://myanimelist.net/anime/813/Dragon_Ball_Z/episode/161,Vegeta Must Pay,超ベジータ危うし！！完全無欠の恐怖が迫る！！,Super Vegeta Ayaushi!! Kanzen Muketsu no Kyoufu ga Semaru!! ,1992-10-21T00:00:00+00:00,4.4,False,False,https://myanimelist.net/forum/?topicid=694327,42
161,162,https://myanimelist.net/anime/813/Dragon_Ball_Z/episode/162,Trunks Ascends,超サイヤ人の限界突破！！嵐を呼ぶトランクス,Super Saiyajin no Genkai Toppa!! Arashi wo Yobu Trunks ,1992-10-28T00:00:00+00:00,4.6,False,False,https://myanimelist.net/forum/?topicid=694333,36
162,163,https://myanimelist.net/anime/813/Dragon_Ball_Z/episode/163,Saving Throw,父を救え！！天をも焦がすトランクスの怒り,Chichi wo Sukue!! Ten wo mo Kogasu Trunks no Ikari ,1992-11-04T00:00:00+00:00,4.4,False,False,https://myanimelist.net/forum/?topicid=694335,40
163,164,https://myanimelist.net/anime/813/Dragon_Ball_Z/episode/164,Ghosts from Tomorrow,絶望の未来！！地獄を生き抜いた男トランクス,Zetsubou no Mirai!! Jigoku wo Ikinuita Otoko Trunks ,1992-11-11T00:00:00+00:00,4.4,False,False,https://myanimelist.net/forum/?topicid=694349,35
164,165,https://myanimelist.net/anime/813/Dragon_Ball_Z/episode/165,The Cell Games,超トランクスに弱点！！セル、衝撃の爆弾発言,"Super Trunks ni Jakuten!! Cell, Shougeki no Bakudan Hatsugen ",1992-11-18T00:00:00+00:00,4.5,False,False,https://myanimelist.net/forum/?topicid=694363,40
165,166,https://myanimelist.net/anime/813/Dragon_Ball_Z/episode/166,What is the Tournament?,悟空に迫る大決戦！！新天下一武道会の謎,Gokuu ni Semaru Daikessen!! Shin Tenkaichi Budoukai no Nazo ,1992-11-25T00:00:00+00:00,4.3,False,False,https://myanimelist.net/forum/?topicid=694369,36
166,167,https://myanimelist.net/anime/813/Dragon_Ball_Z/episode/167,The Doomsday Broadcast,視聴率１００％！！死を呼ぶセルゲーム独占生放送,Shichouritsu 100%!! Shi wo Yobu Cell Games Dokusen Namahousou ,1992-12-02T00:00:00+00:00,4.3,False,False,https://myanimelist.net/forum/?topicid=694371,36
167,168,https://myanimelist.net/anime/813/Dragon_Ball_Z/episode/168,Meet Me in the Ring,悟空と悟飯…ヒーロー親子究極レベルアップ,Gokuu to Gohan... Hero Oyako Kyuukyoku Level-Up ,1992-12-09T00:00:00+00:00,4.6,False,False,https://myanimelist.net/forum/?topicid=694379,36
168,169,https://myanimelist.net/anime/813/Dragon_Ball_Z/episode/169,No Worries Here,悟空の余裕！？休んで待とうセルゲーム,Gokuu no Yoyuu!? Yasunde Matou Cell Games ,1992-12-16T00:00:00+00:00,4.4,False,False,https://myanimelist.net/forum/?topicid=694381,34
169,170,https://myanimelist.net/anime/813/Dragon_Ball_Z/episode/170,A Girl Named Lime,戦士の休息…少女と嘘と悟飯の決意,Senshi no Kyuusoku... Shoujo to Uso to Gohan no Ketsui ,1993-01-13T00:00:00+00:00,4.4,True,False,https://myanimelist.net/forum/?topicid=694383,37
170,171,https://myanimelist.net/anime/813/Dragon_Ball_Z/episode/171,Memories of Gohan,秘められた力！！悟飯が赤ン坊だった頃,Himerareta Chikara!! Gohan ga Akanbou datta Koro ,1993-01-20T00:00:00+00:00,4.3,True,False,https://myanimelist.net/forum/?topicid=694391,37
171,172,https://myanimelist.net/anime/813/Dragon_Ball_Z/episode/172,A New Guardian,神様を探し出せ！！悟空、大瞬間移動,"Kamisama wo Sagashidase!! Gokuu, Dai Shunkan Idou ",1993-01-27T00:00:00+00:00,4.5,False,False,https://myanimelist.net/forum/?topicid=694393,35
172,173,https://myanimelist.net/anime/813/Dragon_Ball_Z/episode/173,Dende's Dragon,デンデの初仕事！！ドラゴンボール復活だ,Dende no Hatsu Shigoto!! Dragon Ball Fukkatsu da ,1993-02-03T00:00:00+00:00,4.5,False,False,https://myanimelist.net/forum/?topicid=694441,33
173,174,https://myanimelist.net/anime/813/Dragon_Ball_Z/episode/174,The Puzzle of General Tao,悟空に難問！？神龍球をとり戻せ,Gokuu ni Nanmon!? Dragon Balls wo Torimodose ,1993-02-10T00:00:00+00:00,4.3,True,False,https://myanimelist.net/forum/?topicid=694445,35
174,175,https://myanimelist.net/anime/813/Dragon_Ball_Z/episode/175,The Games Begin,セルに挑む者たち！！決戦の幕開け,Cell ni Idomu Mono-tachi!! Kessen no Makuake ,1993-02-17T00:00:00+00:00,4.4,False,False,https://myanimelist.net/forum/?topicid=694451,36
175,176,https://myanimelist.net/anime/813/Dragon_Ball_Z/episode/176,Losers Fight First,ちょっと待った！！サタン軍団大暴れ,Chotto Matta!! Satangundan Daiabare ,1993-03-03T00:00:00+00:00,3.9,False,False,https://myanimelist.net/forum/?topicid=694455,38
176,177,https://myanimelist.net/anime/813/Dragon_Ball_Z/episode/177,Goku vs. Cell,勝負だ悟空！！超緊迫セルゲーム,Shoubu da Gokuu!! Chou Kinpaku Cell Games ,1993-03-10T00:00:00+00:00,4.6,False,False,https://myanimelist.net/forum/?topicid=694467,34
177,178,https://myanimelist.net/anime/813/Dragon_Ball_Z/episode/178,Cell's Bag of Tricks,地球直撃！！セルの特大カメハメ波,Chikyuu Chokugeki!! Cell no Tokudai Kamehameha ,1993-03-17T00:00:00+00:00,4.5,False,False,https://myanimelist.net/forum/?topicid=694473,34
178,179,https://myanimelist.net/anime/813/Dragon_Ball_Z/episode/179,No More Rules,敗北か死か！？悟空、逆転の秘策,"Haiboku ka Shi ka!? Gokuu, Gyakuten no Hisaku ",1993-03-31T00:00:00+00:00,4.7,False,False,https://myanimelist.net/forum/?topicid=694481,35
179,180,https://myanimelist.net/anime/813/Dragon_Ball_Z/episode/180,The Fight is Over,死闘に決着！！悟空の降参宣言！？,Shitou ni Ketchaku!! Gokuu no Kousan Sengen!? ,1993-04-07T00:00:00+00:00,4.6,False,False,https://myanimelist.net/forum/?topicid=694485,41
180,181,https://myanimelist.net/anime/813/Dragon_Ball_Z/episode/181,Faith in a Boy,最強を継ぐ者…その名は悟飯,Saikyou wo Tsugu Mono... Sono Na wa Gohan ,1993-04-14T00:00:00+00:00,4.7,False,False,https://myanimelist.net/forum/?topicid=694491,34
181,182,https://myanimelist.net/anime/813/Dragon_Ball_Z/episode/182,Gohan's Desperate Plea,怒れ悟飯眠れる力を呼び起せ,Okore Gohan Nemureru Chikara wo Yobiokose ,1993-04-21T00:00:00+00:00,4.5,False,False,https://myanimelist.net/forum/?topicid=694499,29
182,183,https://myanimelist.net/anime/813/Dragon_Ball_Z/episode/183,Android Explosion,ちっちゃな脅威！！セルジュニア来襲,Chitchana Kyoui!! Cell Junia Raishuu ,1993-04-28T00:00:00+00:00,4.5,False,False,https://myanimelist.net/forum/?topicid=694515,32
183,184,https://myanimelist.net/anime/813/Dragon_Ball_Z/episode/184,Cell Juniors Attack!,１６号無惨！！動き出す怒りの超悟飯,18-gou Muzan!! Ugokidasu Ikari no Super Gohan ,1993-05-05T00:00:00+00:00,4.8,False,False,https://myanimelist.net/forum/?topicid=694523,52
184,185,https://myanimelist.net/anime/813/Dragon_Ball_Z/episode/185,Awakening,吹き荒れる真の力！！セルジュニア粉砕,Fukiareru Shin no Power!! Cell Junia Funsai ,1993-05-12T00:00:00+00:00,4.8,False,False,https://myanimelist.net/forum/?topicid=694539,44
185,186,https://myanimelist.net/anime/813/Dragon_Ball_Z/episode/186,The Unstoppable Gohan,セルをＫＯノックアウト！！たった２発の超鉄拳,Cell wo KO!! Tatta Nihatsu no Chou Tekken ,1993-05-19T00:00:00+00:00,4.7,False,False,https://myanimelist.net/forum/?topicid=246022,46
186,187,https://myanimelist.net/anime/813/Dragon_Ball_Z/episode/187,Cell's Mighty Breakdown,セルに異変！！崩された完全体,Cell ni Ihen!! Kuzusareta Kanzentai ,1993-05-26T00:00:00+00:00,4.8,False,False,https://myanimelist.net/forum/?topicid=291619,40
187,188,https://myanimelist.net/anime/813/Dragon_Ball_Z/episode/188,A Hero's Farewell,バイバイみんな！！悟空最後の瞬間移動,Bye-Bye Minna!! Gokuu Saigo no Shunkan Idou ,1993-06-02T00:00:00+00:00,4.6,False,False,https://myanimelist.net/forum/?topicid=694567,38
188,189,https://myanimelist.net/anime/813/Dragon_Ball_Z/episode/189,Cell Returns!,白昼の悪夢！！恐怖はより完璧に,Hakuchuu no Akuma!! Kyoufu wa yori Kanpeki ni ,1993-06-16T00:00:00+00:00,4.6,False,False,https://myanimelist.net/forum/?topicid=694571,35
189,190,https://myanimelist.net/anime/813/Dragon_Ball_Z/episode/190,The Horror Won't End,悟空から悟飯へ…父の魂は伝わった,Gokuu kara Gohan e... Chichi no Tamashii wa Tsutawatta ,1993-06-23T00:00:00+00:00,4.7,False,False,https://myanimelist.net/forum/?topicid=694579,33
190,191,https://myanimelist.net/anime/813/Dragon_Ball_Z/episode/191,Save the World,戦いは終った…ありがとう孫悟空,Tatakai wa Owatta... Arigatou Son Gokuu ,1993-06-30T00:00:00+00:00,4.9,False,False,https://myanimelist.net/forum/?topicid=694591,61
191,192,https://myanimelist.net/anime/813/Dragon_Ball_Z/episode/192,Goku's Decision,オラあの世で修業する！！笑顔の別れ,Ora Ano Yo de Shugyou suru!! Egao no Wakare ,1993-07-07T00:00:00+00:00,4.7,False,False,https://myanimelist.net/forum/?topicid=694593,43
192,193,https://myanimelist.net/anime/813/Dragon_Ball_Z/episode/193,One More Wish,新しい日々…父さん！ボクがんばる,Atarashii Hibi... Tousan! Boku Ganbaru ,1993-07-14T00:00:00+00:00,4.6,False,False,https://myanimelist.net/forum/?topicid=694597,31
193,194,https://myanimelist.net/anime/813/Dragon_Ball_Z/episode/194,Free the Future,もう一つの結末！！未来はオレが守る,Mou Hitotsu no Ketsumatsu!! Mirai wa Ore ga Mamoru ,1993-07-21T00:00:00+00:00,4.7,False,False,https://myanimelist.net/forum/?topicid=694601,46
194,195,https://myanimelist.net/anime/813/Dragon_Ball_Z/episode/195,Warriors of the Dead,大感激！！いたぞ！あの世のスゲエ奴,Daikangeki!! Ita zo! Ano Yo no Sugee Yatsu ,1993-07-28T00:00:00+00:00,4.5,True,False,https://myanimelist.net/forum/?topicid=620621,36
195,196,https://myanimelist.net/anime/813/Dragon_Ball_Z/episode/196,Tournament Begins,あの世一はオラだ！！歴代の勇者大集合,Ano Yo Ichi wa Ora da! Rekishi no Yuusha Daishuugou ,1993-08-11T00:00:00+00:00,4.3,True,False,https://myanimelist.net/forum/?topicid=694653,31
196,197,https://myanimelist.net/anime/813/Dragon_Ball_Z/episode/197,Water Fight,大界王星熱狂！！まきおこせ悟空旋風,Daikaiousei Nekkyou!! Makiokose Gokuu Senpuu ,1993-08-18T00:00:00+00:00,4.4,True,False,https://myanimelist.net/forum/?topicid=694665,25
197,198,https://myanimelist.net/anime/813/Dragon_Ball_Z/episode/198,Final Round,炎の決勝！！悟空かパイクーハンか！？,Honoo no Kesshou!! Gokuu ka Paikuuhan ka!? ,1993-08-25T00:00:00+00:00,4.4,True,False,https://myanimelist.net/forum/?topicid=694667,27
198,199,https://myanimelist.net/anime/813/Dragon_Ball_Z/episode/199,Goku vs. Pikkon,逃すな勝利！！決めろ超速かめはめ波,Nigasu na Shouri!! Kimero Chouhaya Kamehameha ,1993-09-01T00:00:00+00:00,4.5,True,False,https://myanimelist.net/forum/?topicid=291391,35
199,200,https://myanimelist.net/anime/813/Dragon_Ball_Z/episode/200,Gohan Goes to High School,あれから7年！今日から僕は高校生,Are kara Shichinen! Kyou kara Boku wa Koukousei ,1993-09-08T00:00:00+00:00,4.5,False,False,https://myanimelist.net/forum/?topicid=694687,54
200,201,https://myanimelist.net/anime/813/Dragon_Ball_Z/episode/201,I am Saiyaman,愛と正義のグレートサイヤマン参上,Ai to Seigi no Great Saiyaman Sanjou ,1993-09-15T00:00:00+00:00,4.3,False,False,https://myanimelist.net/forum/?topicid=694691,39
201,202,https://myanimelist.net/anime/813/Dragon_Ball_Z/episode/202,Gohan's First Date,悟飯のハチャメチャ初デート！？,Gohan no Hachamecha Hatsu Date!? ,1993-09-29T00:00:00+00:00,4.1,True,False,https://myanimelist.net/forum/?topicid=694699,34
202,203,https://myanimelist.net/anime/813/Dragon_Ball_Z/episode/203,Rescue Videl,悟飯、緊急出動！ビーデルを救え！！,"Gohan, Kinkyuu Shutsudou! Videl wo Sukue! ",1993-10-20T00:00:00+00:00,4.2,True,False,https://myanimelist.net/forum/?topicid=694701,31
203,204,https://myanimelist.net/anime/813/Dragon_Ball_Z/episode/204,Blackmail,盗難事件発生！！犯人はサイヤマン！？,Tounan Jiken Hassei!! Hannin wa Saiyaman!? ,1993-10-27T00:00:00+00:00,4.1,False,False,https://myanimelist.net/forum/?topicid=694709,35
204,205,https://myanimelist.net/anime/813/Dragon_Ball_Z/episode/205,I'll Fight Too!,悟空も復活！？天下一武道会出場だ！！,Gokuu mo Fukkatsu!? Tenkaichi Budoukai Shutsujou da!! ,1993-11-03T00:00:00+00:00,4.7,False,False,https://myanimelist.net/forum/?topicid=694719,36
205,206,https://myanimelist.net/anime/813/Dragon_Ball_Z/episode/206,The Newest Super Saiyan,悟飯もビックリ！悟天の爆発パワー,Gohan mo Bikkuri! Goten no Bakuhatsu Power ,1993-11-10T00:00:00+00:00,4.5,False,False,https://myanimelist.net/forum/?topicid=562673,40
206,207,https://myanimelist.net/anime/813/Dragon_Ball_Z/episode/207,Take Flight Videl,あっ飛べた！！ビーデルの舞空術入門,Attobeta!! Videl no Bukuujutsu Nyuumon ,1993-11-17T00:00:00+00:00,4.7,False,False,https://myanimelist.net/forum/?topicid=694725,41
207,208,https://myanimelist.net/anime/813/Dragon_Ball_Z/episode/208,Gather For the Tournament,おかえり悟空！Ｚチーム全員集合！！,Okaeri Gokuu! Z Team Zenin Shuugou!! ,1993-11-24T00:00:00+00:00,4.7,False,False,https://myanimelist.net/forum/?topicid=694733,38
208,209,https://myanimelist.net/anime/813/Dragon_Ball_Z/episode/209,Camera Shy,危うしサイヤマン！激写に御用心！？,Ayaushi Saiyaman! Gekisha ni Goyoujin!? ,1993-12-08T00:00:00+00:00,4.6,False,False,https://myanimelist.net/forum/?topicid=694737,33
209,210,https://myanimelist.net/anime/813/Dragon_Ball_Z/episode/210,The World Tournament,ハンパじゃないぜ！！チビトランクス,Hanpa ja nai ze!! Chibi Trunks ,1993-12-15T00:00:00+00:00,4.5,False,False,https://myanimelist.net/forum/?topicid=694743,39
210,211,https://myanimelist.net/anime/813/Dragon_Ball_Z/episode/211,Trunks vs. Goten,ボクの出番だ！悟天、緊張の第一戦,"Boku no Deban da! Goten, Kinchou no Daiissen ",1993-12-22T00:00:00+00:00,4.8,False,False,https://myanimelist.net/forum/?topicid=694745,37
211,212,https://myanimelist.net/anime/813/Dragon_Ball_Z/episode/212,Best of the Boys,うれしさ百万倍！少年王者チャンピオン決定！！,Ureshisa Hyakumanbai! Shounen Champion Kettei!! ,1994-01-12T00:00:00+00:00,4.8,False,False,https://myanimelist.net/forum/?topicid=694751,34
212,213,https://myanimelist.net/anime/813/Dragon_Ball_Z/episode/213,"Big Trouble, Little Trunks",どうするサタン！？史上最大のピンチ,Dou Suru Satan!? Shijou Saidai no Pinchi ,1994-01-19T00:00:00+00:00,4.7,False,False,https://myanimelist.net/forum/?topicid=694759,31
213,214,https://myanimelist.net/anime/813/Dragon_Ball_Z/episode/214,Who Will Fight Who?,対戦相手決定！！早くやろうぜ一回戦,Taisen Aite Kettei!! Hayaku Yarou ze Ikkaisen ,1994-01-26T00:00:00+00:00,4.7,False,False,https://myanimelist.net/forum/?topicid=694961,33
214,215,https://myanimelist.net/anime/813/Dragon_Ball_Z/episode/215,Forfeit of Piccolo!,どうしたピッコロ！！まさかの不戦敗,Doushita Pikkolo!! Masaka no Fusenbai ,1994-02-02T00:00:00+00:00,4.7,False,False,https://myanimelist.net/forum/?topicid=694963,34
215,216,https://myanimelist.net/anime/813/Dragon_Ball_Z/episode/216,A Dark and Secret Power,不死身で不気味！？スポポビッチの謎,Fujimi de Bukimi!? Spopovitch no Nazo ,1994-02-09T00:00:00+00:00,4.7,False,False,https://myanimelist.net/forum/?topicid=694965,35
216,217,https://myanimelist.net/anime/813/Dragon_Ball_Z/episode/217,Videl is Crushed,ビーデル無残！！出るか怒りの超悟飯,Videl Muzan!! Deru ka Ikari no Super Gohan ,1994-02-16T00:00:00+00:00,4.6,False,False,https://myanimelist.net/forum/?topicid=292150,39
217,218,https://myanimelist.net/anime/813/Dragon_Ball_Z/episode/218,Identities Revealed,バレちゃった！！サイヤマンは孫悟飯,Barechatta!! Saiyaman wa Son Gohan ,1994-02-23T00:00:00+00:00,4.7,False,False,https://myanimelist.net/forum/?topicid=694969,30
218,219,https://myanimelist.net/anime/813/Dragon_Ball_Z/episode/219,Energy Drain,うごめく陰謀！！悟飯の力パワーが奪われた,Ugomeku Inbou!! Gohan no Power ga Ubawareta ,1994-03-02T00:00:00+00:00,4.8,False,False,https://myanimelist.net/forum/?topicid=694979,29
219,220,https://myanimelist.net/anime/813/Dragon_Ball_Z/episode/220,The Wizard's Curse,黒幕登場！！悪の魔導師バビディ,Kuromaku Toujou!! Aku no Madoushi Babidi ,1994-03-09T00:00:00+00:00,4.7,False,False,https://myanimelist.net/forum/?topicid=694983,36
220,221,https://myanimelist.net/anime/813/Dragon_Ball_Z/episode/221,King of the Demons,待ち受けるワナ！！魔界からの挑戦状,Machiukeru Wana!! Makai kara no Chousenjou ,1994-03-16T00:00:00+00:00,4.6,False,False,https://myanimelist.net/forum/?topicid=303766,31
221,222,https://myanimelist.net/anime/813/Dragon_Ball_Z/episode/222,Vegeta Attacks,なめるな！！ベジータ怒りの初戦突破,Nameru na!! Vegeta Ikari no Shosen Toppa ,1994-03-23T00:00:00+00:00,4.6,False,False,https://myanimelist.net/forum/?topicid=695003,29
222,223,https://myanimelist.net/anime/813/Dragon_Ball_Z/episode/223,"Next Up, Goku",悟空パワー全開！！ブッ飛べヤコン,Gokuu Power Zenkai!! Buttobe Yakon ,1994-04-13T00:00:00+00:00,4.6,False,False,https://myanimelist.net/forum/?topicid=695011,28
223,224,https://myanimelist.net/anime/813/Dragon_Ball_Z/episode/224,Battle Supreme,大誤算！！サタンＶＳ３人の超戦士！？,Daigosan!! Satan tai Sannin no Chousenshi!? ,1994-04-20T00:00:00+00:00,4.7,False,False,https://myanimelist.net/forum/?topicid=695019,29
224,225,https://myanimelist.net/anime/813/Dragon_Ball_Z/episode/225,Eighteen Unmasks,強いぜチビッコ！！１８号大苦戦！？,Tsuyoi ze Chibikko!! 18-gou Daikusen!? ,1994-04-27T00:00:00+00:00,4.8,False,False,https://myanimelist.net/forum/?topicid=695027,32
225,226,https://myanimelist.net/anime/813/Dragon_Ball_Z/episode/226,Pay to Win,たちはだかる魔王！出番だ悟飯！！,Tachihadakaru Maou! Deban da Gohan!! ,1994-05-04T00:00:00+00:00,4.7,False,False,https://myanimelist.net/forum/?topicid=695031,33
226,227,https://myanimelist.net/anime/813/Dragon_Ball_Z/episode/227,Heart of a Villain,見つけられた邪心！！ダーブラの名案,Mitsukerareta Jashin!! Daabura no Meian ,1994-05-18T00:00:00+00:00,4.5,False,False,https://myanimelist.net/forum/?topicid=695035,31
227,228,https://myanimelist.net/anime/813/Dragon_Ball_Z/episode/228,The Dark Prince Returns,破壊王子ベジータ復活！！武闘会乱入,Hakai Ouji Vegeta Fukkatsu!! Butoukai Rannyuu ,1994-05-25T00:00:00+00:00,4.6,False,False,https://myanimelist.net/forum/?topicid=695053,33
228,229,https://myanimelist.net/anime/813/Dragon_Ball_Z/episode/229,Vegeta's Pride,宿命の超対決！！激突悟空ＶＳベジータ,Shukumei no Choutaiketsu!! Gekitotsu Gokuu vs Vegeta ,1994-06-15T00:00:00+00:00,4.8,False,False,https://myanimelist.net/forum/?topicid=695059,37
229,230,https://myanimelist.net/anime/813/Dragon_Ball_Z/episode/230,The Long Awaited Fight,待ってろバビディ！！野望は許さない,Mattero Babidi!! Yabou wa Yurusanai ,1994-06-22T00:00:00+00:00,4.8,False,False,https://myanimelist.net/forum/?topicid=695081,34
230,231,https://myanimelist.net/anime/813/Dragon_Ball_Z/episode/231,Magic Ball of Buu,解けた封印！出るぞ凶悪魔人ブウ！！,Toketa Fuuin! Deruzo Kyouaku Majin Buu!! ,1994-06-29T00:00:00+00:00,4.8,False,False,https://myanimelist.net/forum/?topicid=695091,39
231,232,https://myanimelist.net/anime/813/Dragon_Ball_Z/episode/232,Buu is Hatched!,復活させない！！抵抗のかめはめ波,Fukkatsu Sasenai!! Teikou no Kamehameha ,1994-07-06T00:00:00+00:00,4.6,False,False,https://myanimelist.net/forum/?topicid=695099,34
232,233,https://myanimelist.net/anime/813/Dragon_Ball_Z/episode/233,The Losses Begin,絶望へ一直線！？嘆きの界王神,Zetsubou e Itchokusen!? Nageki no Kaioushin ,1994-07-13T00:00:00+00:00,4.7,False,False,https://myanimelist.net/forum/?topicid=695145,31
233,234,https://myanimelist.net/anime/813/Dragon_Ball_Z/episode/234,The Terror of Majin Buu,魔人恐るべし！！悟飯に迫る死の恐怖,Majin Osorubeshi!! Gohan ni Semaru Shi no Kyoufu ,1994-07-27T00:00:00+00:00,4.6,False,False,https://myanimelist.net/forum/?topicid=695151,28
234,235,https://myanimelist.net/anime/813/Dragon_Ball_Z/episode/235,Meal Time,食べちゃうぞ！！腹ペコ魔人の超能力,Tabechau zo!! Harapeko Majin no Chounouryoku ,1994-08-03T00:00:00+00:00,4.6,False,False,https://myanimelist.net/forum/?topicid=695171,36
235,236,https://myanimelist.net/anime/813/Dragon_Ball_Z/episode/236,The Warrior's Decision,戦士の決意！！魔人はオレが始末する,Senshi no Ketsui!! Majin wa Ore ga Shimatsu-suru ,1994-08-17T00:00:00+00:00,4.9,False,False,https://myanimelist.net/forum/?topicid=695175,28
236,237,https://myanimelist.net/anime/813/Dragon_Ball_Z/episode/237,Final Atonement,愛する者のために…ベジータ散る！！,Ai Suru Mono no Tame ni... Vegeta Chiru!! ,1994-08-24T00:00:00+00:00,4.9,False,False,https://myanimelist.net/forum/?topicid=695203,59
237,238,https://myanimelist.net/anime/813/Dragon_Ball_Z/episode/238,Evil Lives On,悪夢ふたたび！！生きていた魔人ブウ,Akumu Futatabi! Ikiteita Majin Buu ,1994-08-31T00:00:00+00:00,4.7,False,False,https://myanimelist.net/forum/?topicid=695213,31
238,239,https://myanimelist.net/anime/813/Dragon_Ball_Z/episode/239,Find the Dragon Balls,ビーデルたちの奮闘！探せ神龍球ドラゴンボール,Videl-tachi no Funtou! Sagase Dragon Ball ,1994-09-07T00:00:00+00:00,4.6,False,False,https://myanimelist.net/forum/?topicid=695221,29
239,240,https://myanimelist.net/anime/813/Dragon_Ball_Z/episode/240,Revival,でっかい希望！！チビたちの新必殺技,Dekkai Kibou!! Chibitachi no Shin Hissatsu Waza ,1994-09-21T00:00:00+00:00,4.6,False,False,https://myanimelist.net/forum/?topicid=695227,31
240,241,https://myanimelist.net/anime/813/Dragon_Ball_Z/episode/241,Global Announcement,悟天トランクス全世界に指名手配,Goten Trunks Zensekai ni Shimei Tehai ,1994-09-28T00:00:00+00:00,4.6,False,False,https://myanimelist.net/forum/?topicid=695235,26
241,242,https://myanimelist.net/anime/813/Dragon_Ball_Z/episode/242,Learn to Fuse,悟飯復活界王神の秘密兵器！？,Gohan Fukkatsu!! Kaioushin no Himitsu Heiki!? ,1994-10-12T00:00:00+00:00,4.6,False,False,https://myanimelist.net/forum/?topicid=695237,31
242,243,https://myanimelist.net/anime/813/Dragon_Ball_Z/episode/243,The Z Sword,抜けたァ～！！伝説のゼットソード,Nuketaa!! Densetsu no Z Soudo ,1994-10-19T00:00:00+00:00,4.7,False,False,https://myanimelist.net/forum/?topicid=695245,26
243,244,https://myanimelist.net/anime/813/Dragon_Ball_Z/episode/244,Race to Capsule Corp.,狙われた西の都！止まれ魔人ブウ！！,Nerawareta Nishi no Miyako! Tomare Majin Buu!! ,1994-11-02T00:00:00+00:00,4.7,False,False,https://myanimelist.net/forum/?topicid=695251,28
244,245,https://myanimelist.net/anime/813/Dragon_Ball_Z/episode/245,Super Saiyan 3?!,アッと驚く大変身！！超サイヤ人３,Atto Odoroku Daihenshin!! Super Saiyajin 3 ,1994-11-09T00:00:00+00:00,4.8,False,False,https://myanimelist.net/forum/?topicid=297508,49
245,246,https://myanimelist.net/anime/813/Dragon_Ball_Z/episode/246,Buu's Mutiny,バイバイ・バビディ！！魔人ブウ反逆,Bye Bye Babidi!! Majin Buu Hangyaku ,1994-11-16T00:00:00+00:00,4.7,False,False,https://myanimelist.net/forum/?topicid=303952,39
246,247,https://myanimelist.net/anime/813/Dragon_Ball_Z/episode/247,The Fusion Dance,メチャカッコ悪い！？特訓変身ポーズ,Mecha Kakko Warui!? Tokkun Henshin Pose ,1994-11-23T00:00:00+00:00,4.7,False,False,https://myanimelist.net/forum/?topicid=695283,30
247,248,https://myanimelist.net/anime/813/Dragon_Ball_Z/episode/248,Goku's Time is Up,じゃあなみんな！！悟空あの世に帰る,Jaa na Minna!! Gokuu Ano Yo ni Kaeru ,1994-11-30T00:00:00+00:00,4.7,False,False,https://myanimelist.net/forum/?topicid=695289,35
248,249,https://myanimelist.net/anime/813/Dragon_Ball_Z/episode/249,Return to Other World,悟飯はどこだ！？界王神界の猛特訓,Gohan wa Doko da!? Kaioushinkai no Mou Tokkun ,1994-12-07T00:00:00+00:00,4.7,False,False,https://myanimelist.net/forum/?topicid=695305,32
249,250,https://myanimelist.net/anime/813/Dragon_Ball_Z/episode/250,Out From the Broken Sword,ウソだろ！？ゼットソードが折れちゃった,Uso daro!? Z Soudo ga Orechatta ,1994-12-14T00:00:00+00:00,4.8,False,False,https://myanimelist.net/forum/?topicid=695313,33
250,251,https://myanimelist.net/anime/813/Dragon_Ball_Z/episode/251,Gotenks is Born,合体超人誕生！！その名はゴテンクス,Gattai Choujin Tanjou!! Sono Na wa Gotenks ,1994-12-21T00:00:00+00:00,4.7,False,False,https://myanimelist.net/forum/?topicid=695317,28
251,252,https://myanimelist.net/anime/813/Dragon_Ball_Z/episode/252,Unlikely Friendship,最終兵器始動！？サタンは地球を救う,Saishuu Heiki Shidou!? Satan wa Chikyuu wo Sukuu ,1995-01-11T00:00:00+00:00,4.3,False,False,https://myanimelist.net/forum/?topicid=695495,30
252,253,https://myanimelist.net/anime/813/Dragon_Ball_Z/episode/253,I Kill No More,殺すのやめた！！魔人ブウよい子宣言,Korosu no Yameta!! Majin Buu Yoi Ko Sengen ,1995-01-25T00:00:00+00:00,4.6,False,False,https://myanimelist.net/forum/?topicid=695595,36
253,254,https://myanimelist.net/anime/813/Dragon_Ball_Z/episode/254,The Evil That Men Do,逃げろサタン！！怒りの魔人ブウ出現,Nigero Satan!! Ikari no Majin Buu Shutsugen ,1995-02-01T00:00:00+00:00,4.8,False,False,https://myanimelist.net/forum/?topicid=695605,30
254,255,https://myanimelist.net/anime/813/Dragon_Ball_Z/episode/255,Buu Against Buu,どっちが勝つの！？善悪ブウブウ対決,Dotchi ga Katsu no!? Zenaku Buu-Buu Taiketsu ,1995-02-08T00:00:00+00:00,4.6,False,False,https://myanimelist.net/forum/?topicid=695611,32
255,256,https://myanimelist.net/anime/813/Dragon_Ball_Z/episode/256,Empty Planet,待ったなしの破局！！地球人類絶滅,Matta nashi no Hakyoku!! Chikyuu Jinrui Zetsumetsu ,1995-02-15T00:00:00+00:00,4.5,False,False,https://myanimelist.net/forum/?topicid=695647,26
256,257,https://myanimelist.net/anime/813/Dragon_Ball_Z/episode/257,Time Struggle,特訓成功！！これで終りだ魔人ブウ,Tokkun Seikou!! Kore de Owari da Majin Buu ,1995-02-22T00:00:00+00:00,4.8,False,False,https://myanimelist.net/forum/?topicid=695659,28
257,258,https://myanimelist.net/anime/813/Dragon_Ball_Z/episode/258,Super Moves of Gotenks,本気で行くぜ！！超ゴテンクス全開,Honki de Iku ze!! Super Gotenks Zenkai ,1995-03-01T00:00:00+00:00,3.9,False,False,https://myanimelist.net/forum/?topicid=598763,35
258,259,https://myanimelist.net/anime/813/Dragon_Ball_Z/episode/259,Trapped in Forever,やったぜ！！オバケで成功ブウ退治！？,Yatta ze!! Obake de Seikou Buu Taiji!? ,1995-03-08T00:00:00+00:00,4.0,False,False,https://myanimelist.net/forum/?topicid=304061,33
259,260,https://myanimelist.net/anime/813/Dragon_Ball_Z/episode/260,Feeding Frenzy,異次元からの脱出！！超ゴテンクス３,Ijigen kara no Dasshutsu!! Super Gotenks 3 ,1995-03-15T00:00:00+00:00,4.3,False,False,https://myanimelist.net/forum/?topicid=695713,30
260,261,https://myanimelist.net/anime/813/Dragon_Ball_Z/episode/261,Gotenks is Awesome,ノリすぎ！？ブウブウバレーボール,Norisugi!? Boo-Boo Volleyball ,1995-03-22T00:00:00+00:00,4.4,False,False,https://myanimelist.net/forum/?topicid=695719,32
261,262,https://myanimelist.net/anime/813/Dragon_Ball_Z/episode/262,Unlucky Break,まさにグレート！！新生悟飯地球へ,Masa ni Great!! Shinsei Gohan Chikyuu e ,1995-04-26T00:00:00+00:00,4.5,False,False,https://myanimelist.net/forum/?topicid=695735,31
262,263,https://myanimelist.net/anime/813/Dragon_Ball_Z/episode/263,A Whole New Gohan,ブウを圧倒！！悟飯のミラクルパワー,Buu wo Attou!! Gohan no Mirakuru Power ,1995-05-03T00:00:00+00:00,4.7,False,False,https://myanimelist.net/forum/?topicid=695737,29
263,264,https://myanimelist.net/anime/813/Dragon_Ball_Z/episode/264,Search for Survivors,やったか！？魔人ブウ大爆発,Yatta ka!? Majin Buu Daibakuhatsu ,1995-05-17T00:00:00+00:00,4.7,False,False,https://myanimelist.net/forum/?topicid=695749,31
264,265,https://myanimelist.net/anime/813/Dragon_Ball_Z/episode/265,Majin Buu Transforms,ブウ最悪の反則！！ゴテンクス吸収！？,Buu Saiaku no Hansoku!! Gotenkusu Kyuushuu!? ,1995-05-24T00:00:00+00:00,4.8,False,False,https://myanimelist.net/forum/?topicid=695757,32
265,266,https://myanimelist.net/anime/813/Dragon_Ball_Z/episode/266,The Old Kai's Weapon,全宇宙のために…よみがえれ孫悟空,Zenuchuu no Tame ni... Yomigaere Son Gokuu ,1995-05-31T00:00:00+00:00,4.8,False,False,https://myanimelist.net/forum/?topicid=695759,29
266,267,https://myanimelist.net/anime/813/Dragon_Ball_Z/episode/267,Ready to Fuse?,奇跡は一度…なるか悟飯との超合体,Kiseki wa Ichido... Naru ka Gohan to no Chougattai ,1995-06-07T00:00:00+00:00,4.7,False,False,https://myanimelist.net/forum/?topicid=695765,30
267,268,https://myanimelist.net/anime/813/Dragon_Ball_Z/episode/268,Union of Rivals,合体！！ベジータの誇りと悟空の怒り,Gattai!! Vegeta no Hokori to Gokuu no Ikari ,1995-06-28T00:00:00+00:00,4.7,False,False,https://myanimelist.net/forum/?topicid=695769,32
268,269,https://myanimelist.net/anime/813/Dragon_Ball_Z/episode/269,Meet Vegito,壮絶パワー！！究極を越えるベジット,Souzetsu Power!! Kyuukyoku wo Koeru Vegetto ,1995-07-05T00:00:00+00:00,4.7,False,False,https://myanimelist.net/forum/?topicid=566363,37
269,270,https://myanimelist.net/anime/813/Dragon_Ball_Z/episode/270,Rip in the Universe,次元に亀裂！！ブウがキレちゃった！？,Jigen ni Kiretsu!! Buu ga Kirechatta!? ,1995-07-12T00:00:00+00:00,4.4,False,False,https://myanimelist.net/forum/?topicid=304207,36
270,271,https://myanimelist.net/anime/813/Dragon_Ball_Z/episode/271,Vegito...Downsized,ブウの奥の手！！アメ玉になっちゃえ,Buu no Oku no Te!! Amedama ni Natchae ,1995-07-19T00:00:00+00:00,4.5,False,False,https://myanimelist.net/forum/?topicid=695783,31
271,272,https://myanimelist.net/anime/813/Dragon_Ball_Z/episode/272,The Incredible Fighting Candy,ヒーロー喪失！？吸収されたベジット,Hero Soushitsu!? Kyuushuusareta Vegito ,1995-07-26T00:00:00+00:00,4.6,False,False,https://myanimelist.net/forum/?topicid=695789,32
272,273,https://myanimelist.net/anime/813/Dragon_Ball_Z/episode/273,The Innards of Buu,魔の迷宮！！ブウの腹おなかに何がある！？,Ma no Meikyuu!! Buu no Onaka ni Nani ga Aru!? ,1995-08-02T00:00:00+00:00,4.2,False,False,https://myanimelist.net/forum/?topicid=695791,27
273,274,https://myanimelist.net/anime/813/Dragon_Ball_Z/episode/274,Mind Trap,悪夢か幻か！？悟空と悟飯の親子対決,Akumu ka Maboroshi ka!? Gokuu to Gohan no Oyako Taiketsu ,1995-08-09T00:00:00+00:00,4.3,True,False,https://myanimelist.net/forum/?topicid=304218,26
274,275,https://myanimelist.net/anime/813/Dragon_Ball_Z/episode/275,Deadly Vision,魔人の秘密！！ブウの中に２人のブウ,Majin no Himitsu!! Buu no Naka ni Futari no Buu ,1995-08-16T00:00:00+00:00,4.6,False,False,https://myanimelist.net/forum/?topicid=695941,25
275,276,https://myanimelist.net/anime/813/Dragon_Ball_Z/episode/276,Evil Kid Buu!,出口はどこだ！？崩れるブウから脱出,Deguchi wa Doko Da!? Kuzureru Buu kara Dasshutsu ,1995-08-23T00:00:00+00:00,4.3,False,False,https://myanimelist.net/forum/?topicid=695953,30
276,277,https://myanimelist.net/anime/813/Dragon_Ball_Z/episode/277,End of Earth,地球消滅！！ブウ邪悪への逆変身,Chikyuu Shoumetsu!! Buu Jaaku e no Gyakuhenshin ,1995-09-06T00:00:00+00:00,4.5,False,False,https://myanimelist.net/forum/?topicid=695959,34
277,278,https://myanimelist.net/anime/813/Dragon_Ball_Z/episode/278,True Saiyans Fight Alone,ブウ来襲！！界王神界で決着だ,Buu Raishuu!! Kaioushinkai de Ketchaku da ,1995-09-13T00:00:00+00:00,4.6,False,False,https://myanimelist.net/forum/?topicid=695967,32
278,279,https://myanimelist.net/anime/813/Dragon_Ball_Z/episode/279,Battle for the Universe Begins,未来をつかめ！！宇宙をかけた大決戦,Mirai wo Tsukame!! Uchuu wo Kaketa Daikessen ,1995-09-20T00:00:00+00:00,4.8,False,False,https://myanimelist.net/forum/?topicid=695969,28
279,280,https://myanimelist.net/anime/813/Dragon_Ball_Z/episode/280,Vegeta's Respect,ベジータ脱帽！！悟空おまえがＮｏ．１だ,Vegeta Datsubou!! Gokuu Omae ga No.1 da ,1995-10-18T00:00:00+00:00,4.7,False,False,https://myanimelist.net/forum/?topicid=695971,37
280,281,https://myanimelist.net/anime/813/Dragon_Ball_Z/episode/281,Minute of Desperation,耐え抜けベジータ！！命がけの１分間,Taenuke Vegeta!! Inochigake no Ippunkan ,1995-11-01T00:00:00+00:00,4.7,False,False,https://myanimelist.net/forum/?topicid=695983,28
281,282,https://myanimelist.net/anime/813/Dragon_Ball_Z/episode/282,Old Buu Emerges,サタンをいじめるな！！元祖ブウ復活,Satan wo Ijimeru na!! Ganso Buu Fukkatsu ,1995-11-08T00:00:00+00:00,4.7,False,False,https://myanimelist.net/forum/?topicid=695995,25
282,283,https://myanimelist.net/anime/813/Dragon_Ball_Z/episode/283,Earth Reborn,ベジータの秘策！！神龍ポルンガと２つの願い,Vegeta no Hisaku!! Porunga to Futatsu no Negai ,1995-11-15T00:00:00+00:00,4.6,False,False,https://myanimelist.net/forum/?topicid=696061,27
283,284,https://myanimelist.net/anime/813/Dragon_Ball_Z/episode/284,Call to Action,最後の希望！！作るぜでっかい元気玉,Saigo no Kibou!! Tsukuru ze Dekkai Genkidama ,1995-11-22T00:00:00+00:00,4.5,False,False,https://myanimelist.net/forum/?topicid=304280,33
284,285,https://myanimelist.net/anime/813/Dragon_Ball_Z/episode/285,People of Earth Unite,超感激！！できたぜみんなの元気玉,Chou Kangeki!! Dekita ze Minna no Genkidama ,1995-11-29T00:00:00+00:00,4.4,False,False,https://myanimelist.net/forum/?topicid=696081,33
285,286,https://myanimelist.net/anime/813/Dragon_Ball_Z/episode/286,Spirit Bomb Triumphant,やっぱり最強孫悟空！！魔人ブウ消滅,Yappari Saikyou Son Gokuu!! Majin Buu Shoumetsu ,1995-12-13T00:00:00+00:00,4.8,False,False,https://myanimelist.net/forum/?topicid=304315,47
286,287,https://myanimelist.net/anime/813/Dragon_Ball_Z/episode/287,Celebrations with Majin Buu,戻った平和！！正義の味方魔人ブウ！？,Modotta Heiwa!! Seigi no Mikata Majin Buu!? ,1995-12-20T00:00:00+00:00,4.8,False,False,https://myanimelist.net/forum/?topicid=696097,39
287,288,https://myanimelist.net/anime/813/Dragon_Ball_Z/episode/288,He's Always Late,遅いぜ悟空！みんなでパーティ！！,Osoi ze Gokuu! Minna de Party!! ,1996-01-10T00:00:00+00:00,4.5,True,False,https://myanimelist.net/forum/?topicid=696103,37
288,289,https://myanimelist.net/anime/813/Dragon_Ball_Z/episode/289,Granddaughter Pan,悟空おじいちゃん！私がパンよ！！,Gokuu Ojii-chan! Watashi ga Pan yo!! ,1996-01-17T00:00:00+00:00,4.6,False,False,https://myanimelist.net/forum/?topicid=696113,38
289,290,https://myanimelist.net/anime/813/Dragon_Ball_Z/episode/290,Buu's Reincarnation,オイラはウーブ！今１０歳で元魔人！？,Oira wa Oob! Ima Jussai de Moto Majin!? ,1996-01-24T00:00:00+00:00,4.6,False,False,https://myanimelist.net/forum/?topicid=696117,34
290,291,https://myanimelist.net/anime/813/Dragon_Ball_Z/episode/291,Goku's Next Journey,もっと強く！！悟空の夢は超でっけえ,Motto Tsuyoku!! Gokuu no Yume wa Chou Dekkee ,1996-01-31T00:00:00+00:00,4.4,False,False,https://myanimelist.net/forum/?topicid=35456,236
