,Episode,discussion_thread_url,week_num,upvote_score,upvote_ratio,num_comments
0,1,https://www.reddit.com/r/dbz/comments/7iuf1a/dragon_ball_z_episodes_15_discussion_thread/,1,110.0,0.89,115.0
1,2,https://www.reddit.com/r/dbz/comments/7iuf1a/dragon_ball_z_episodes_15_discussion_thread/,1,110.0,0.89,115.0
2,3,https://www.reddit.com/r/dbz/comments/7iuf1a/dragon_ball_z_episodes_15_discussion_thread/,1,110.0,0.89,115.0
3,4,https://www.reddit.com/r/dbz/comments/7iuf1a/dragon_ball_z_episodes_15_discussion_thread/,1,110.0,0.89,115.0
4,5,https://www.reddit.com/r/dbz/comments/7iuf1a/dragon_ball_z_episodes_15_discussion_thread/,1,110.0,0.89,115.0
5,6,https://www.reddit.com/r/dbz/comments/7ke0r9/dragon_ball_z_episodes_610_discussion_thread/,2,136.0,0.92,32.0
6,7,https://www.reddit.com/r/dbz/comments/7ke0r9/dragon_ball_z_episodes_610_discussion_thread/,2,136.0,0.92,32.0
7,8,https://www.reddit.com/r/dbz/comments/7ke0r9/dragon_ball_z_episodes_610_discussion_thread/,2,136.0,0.92,32.0
8,9,https://www.reddit.com/r/dbz/comments/7ke0r9/dragon_ball_z_episodes_610_discussion_thread/,2,136.0,0.92,32.0
9,10,https://www.reddit.com/r/dbz/comments/7ke0r9/dragon_ball_z_episodes_610_discussion_thread/,2,136.0,0.92,32.0
10,11,https://www.reddit.com/r/dbz/comments/7m82xg/dragon_ball_z_episodes_1115_discussion_thread/,3,14.0,0.77,8.0
11,12,https://www.reddit.com/r/dbz/comments/7m82xg/dragon_ball_z_episodes_1115_discussion_thread/,3,14.0,0.77,8.0
12,13,https://www.reddit.com/r/dbz/comments/7m82xg/dragon_ball_z_episodes_1115_discussion_thread/,3,14.0,0.77,8.0
13,14,https://www.reddit.com/r/dbz/comments/7m82xg/dragon_ball_z_episodes_1115_discussion_thread/,3,14.0,0.77,8.0
14,15,https://www.reddit.com/r/dbz/comments/7m82xg/dragon_ball_z_episodes_1115_discussion_thread/,3,14.0,0.77,8.0
15,16,https://www.reddit.com/r/dbz/comments/7nhtx7/dragon_ball_z_episodes_1620_discussion_thread/,4,101.0,0.95,30.0
16,17,https://www.reddit.com/r/dbz/comments/7nhtx7/dragon_ball_z_episodes_1620_discussion_thread/,4,101.0,0.95,30.0
17,18,https://www.reddit.com/r/dbz/comments/7nhtx7/dragon_ball_z_episodes_1620_discussion_thread/,4,101.0,0.95,30.0
18,19,https://www.reddit.com/r/dbz/comments/7nhtx7/dragon_ball_z_episodes_1620_discussion_thread/,4,101.0,0.95,30.0
19,20,https://www.reddit.com/r/dbz/comments/7nhtx7/dragon_ball_z_episodes_1620_discussion_thread/,4,101.0,0.95,30.0
20,21,https://www.reddit.com/r/dbz/comments/7oukt6/dragon_ball_z_episodes_2125_discussion_thread/,5,100.0,0.93,30.0
21,22,https://www.reddit.com/r/dbz/comments/7oukt6/dragon_ball_z_episodes_2125_discussion_thread/,5,100.0,0.93,30.0
22,23,https://www.reddit.com/r/dbz/comments/7oukt6/dragon_ball_z_episodes_2125_discussion_thread/,5,100.0,0.93,30.0
23,24,https://www.reddit.com/r/dbz/comments/7oukt6/dragon_ball_z_episodes_2125_discussion_thread/,5,100.0,0.93,30.0
24,25,https://www.reddit.com/r/dbz/comments/7oukt6/dragon_ball_z_episodes_2125_discussion_thread/,5,100.0,0.93,30.0
25,26,https://www.reddit.com/r/dbz/comments/7qkee9/dragon_ball_z_episodes_2630_discussion_thread/,6,76.0,0.89,35.0
26,27,https://www.reddit.com/r/dbz/comments/7qkee9/dragon_ball_z_episodes_2630_discussion_thread/,6,76.0,0.89,35.0
27,28,https://www.reddit.com/r/dbz/comments/7qkee9/dragon_ball_z_episodes_2630_discussion_thread/,6,76.0,0.89,35.0
28,29,https://www.reddit.com/r/dbz/comments/7qkee9/dragon_ball_z_episodes_2630_discussion_thread/,6,76.0,0.89,35.0
29,30,https://www.reddit.com/r/dbz/comments/7qkee9/dragon_ball_z_episodes_2630_discussion_thread/,6,76.0,0.89,35.0
30,31,https://www.reddit.com/r/dbz/comments/7s2fom/dragon_ball_z_episodes_3135_discussion_thread/,8,80.0,0.92,25.0
31,32,https://www.reddit.com/r/dbz/comments/7s2fom/dragon_ball_z_episodes_3135_discussion_thread/,8,80.0,0.92,25.0
32,33,https://www.reddit.com/r/dbz/comments/7s2fom/dragon_ball_z_episodes_3135_discussion_thread/,8,80.0,0.92,25.0
33,34,https://www.reddit.com/r/dbz/comments/7s2fom/dragon_ball_z_episodes_3135_discussion_thread/,8,80.0,0.92,25.0
34,35,https://www.reddit.com/r/dbz/comments/7s2fom/dragon_ball_z_episodes_3135_discussion_thread/,8,80.0,0.92,25.0
35,36,https://www.reddit.com/r/dbz/comments/7ts1xg/dragon_ball_z_episodes_3640_discussion_thread/,9,95.0,0.94,46.0
36,37,https://www.reddit.com/r/dbz/comments/7ts1xg/dragon_ball_z_episodes_3640_discussion_thread/,9,95.0,0.94,46.0
37,38,https://www.reddit.com/r/dbz/comments/7ts1xg/dragon_ball_z_episodes_3640_discussion_thread/,9,95.0,0.94,46.0
38,39,https://www.reddit.com/r/dbz/comments/7ts1xg/dragon_ball_z_episodes_3640_discussion_thread/,9,95.0,0.94,46.0
39,40,https://www.reddit.com/r/dbz/comments/7ts1xg/dragon_ball_z_episodes_3640_discussion_thread/,9,95.0,0.94,46.0
40,41,https://www.reddit.com/r/dbz/comments/7vf4eg/dragon_ball_z_episodes_4145_discussion_thread/,9,85.0,0.95,25.0
41,42,https://www.reddit.com/r/dbz/comments/7vf4eg/dragon_ball_z_episodes_4145_discussion_thread/,9,85.0,0.95,25.0
42,43,https://www.reddit.com/r/dbz/comments/7vf4eg/dragon_ball_z_episodes_4145_discussion_thread/,9,85.0,0.95,25.0
43,44,https://www.reddit.com/r/dbz/comments/7vf4eg/dragon_ball_z_episodes_4145_discussion_thread/,9,85.0,0.95,25.0
44,45,https://www.reddit.com/r/dbz/comments/7vf4eg/dragon_ball_z_episodes_4145_discussion_thread/,9,85.0,0.95,25.0
45,46,https://www.reddit.com/r/dbz/comments/7x1vp1/dragon_ball_z_episodes_4650_discussion_thread/,10,65.0,0.92,28.0
46,47,https://www.reddit.com/r/dbz/comments/7x1vp1/dragon_ball_z_episodes_4650_discussion_thread/,10,65.0,0.92,28.0
47,48,https://www.reddit.com/r/dbz/comments/7x1vp1/dragon_ball_z_episodes_4650_discussion_thread/,10,65.0,0.92,28.0
48,49,https://www.reddit.com/r/dbz/comments/7x1vp1/dragon_ball_z_episodes_4650_discussion_thread/,10,65.0,0.92,28.0
49,50,https://www.reddit.com/r/dbz/comments/7x1vp1/dragon_ball_z_episodes_4650_discussion_thread/,10,65.0,0.92,28.0
50,51,https://www.reddit.com/r/dbz/comments/7ysqc6/dragon_ball_z_episodes_5155_discussion_thread/,11,52.0,0.89,9.0
51,52,https://www.reddit.com/r/dbz/comments/7ysqc6/dragon_ball_z_episodes_5155_discussion_thread/,11,52.0,0.89,9.0
52,53,https://www.reddit.com/r/dbz/comments/7ysqc6/dragon_ball_z_episodes_5155_discussion_thread/,11,52.0,0.89,9.0
53,54,https://www.reddit.com/r/dbz/comments/7ysqc6/dragon_ball_z_episodes_5155_discussion_thread/,11,52.0,0.89,9.0
54,55,https://www.reddit.com/r/dbz/comments/7ysqc6/dragon_ball_z_episodes_5155_discussion_thread/,11,52.0,0.89,9.0
55,56,https://www.reddit.com/r/dbz/comments/80ek9j/dragon_ball_z_episodes_5660_discussion_thread/,12,92.0,0.98,20.0
56,57,https://www.reddit.com/r/dbz/comments/80ek9j/dragon_ball_z_episodes_5660_discussion_thread/,12,92.0,0.98,20.0
57,58,https://www.reddit.com/r/dbz/comments/80ek9j/dragon_ball_z_episodes_5660_discussion_thread/,12,92.0,0.98,20.0
58,59,https://www.reddit.com/r/dbz/comments/80ek9j/dragon_ball_z_episodes_5660_discussion_thread/,12,92.0,0.98,20.0
59,60,https://www.reddit.com/r/dbz/comments/80ek9j/dragon_ball_z_episodes_5660_discussion_thread/,12,92.0,0.98,20.0
60,61,https://www.reddit.com/r/dbz/comments/82a936/dragon_ball_z_episodes_6165_discussion_thread/,13,66.0,0.93,20.0
61,62,https://www.reddit.com/r/dbz/comments/82a936/dragon_ball_z_episodes_6165_discussion_thread/,13,66.0,0.93,20.0
62,63,https://www.reddit.com/r/dbz/comments/82a936/dragon_ball_z_episodes_6165_discussion_thread/,13,66.0,0.93,20.0
63,64,https://www.reddit.com/r/dbz/comments/82a936/dragon_ball_z_episodes_6165_discussion_thread/,13,66.0,0.93,20.0
64,65,https://www.reddit.com/r/dbz/comments/82a936/dragon_ball_z_episodes_6165_discussion_thread/,13,66.0,0.93,20.0
65,66,https://www.reddit.com/r/dbz/comments/848sab/dragon_ball_z_episodes_6670_discussion_thread/,14,36.0,0.85,13.0
66,67,https://www.reddit.com/r/dbz/comments/848sab/dragon_ball_z_episodes_6670_discussion_thread/,14,36.0,0.85,13.0
67,68,https://www.reddit.com/r/dbz/comments/848sab/dragon_ball_z_episodes_6670_discussion_thread/,14,36.0,0.85,13.0
68,69,https://www.reddit.com/r/dbz/comments/848sab/dragon_ball_z_episodes_6670_discussion_thread/,14,36.0,0.85,13.0
69,70,https://www.reddit.com/r/dbz/comments/848sab/dragon_ball_z_episodes_6670_discussion_thread/,14,36.0,0.85,13.0
70,71,https://www.reddit.com/r/dbz/comments/85k69z/dragon_ball_z_episodes_7175_discussion_thread/,15,80.0,0.97,8.0
71,72,https://www.reddit.com/r/dbz/comments/85k69z/dragon_ball_z_episodes_7175_discussion_thread/,15,80.0,0.97,8.0
72,73,https://www.reddit.com/r/dbz/comments/85k69z/dragon_ball_z_episodes_7175_discussion_thread/,15,80.0,0.97,8.0
73,74,https://www.reddit.com/r/dbz/comments/85k69z/dragon_ball_z_episodes_7175_discussion_thread/,15,80.0,0.97,8.0
74,75,https://www.reddit.com/r/dbz/comments/85k69z/dragon_ball_z_episodes_7175_discussion_thread/,15,80.0,0.97,8.0
75,76,https://www.reddit.com/r/dbz/comments/87x80b/dragon_ball_z_episodes_7680_discussion_thread/,16,151.0,0.96,84.0
76,77,https://www.reddit.com/r/dbz/comments/87x80b/dragon_ball_z_episodes_7680_discussion_thread/,16,151.0,0.96,84.0
77,78,https://www.reddit.com/r/dbz/comments/87x80b/dragon_ball_z_episodes_7680_discussion_thread/,16,151.0,0.96,84.0
78,79,https://www.reddit.com/r/dbz/comments/87x80b/dragon_ball_z_episodes_7680_discussion_thread/,16,151.0,0.96,84.0
79,80,https://www.reddit.com/r/dbz/comments/87x80b/dragon_ball_z_episodes_7680_discussion_thread/,16,151.0,0.96,84.0
80,81,https://www.reddit.com/r/dbz/comments/8b7ugy/dragon_ball_z_episodes_8185_discussion_thread/,17,67.0,0.88,30.0
81,82,https://www.reddit.com/r/dbz/comments/8b7ugy/dragon_ball_z_episodes_8185_discussion_thread/,17,67.0,0.88,30.0
82,83,https://www.reddit.com/r/dbz/comments/8b7ugy/dragon_ball_z_episodes_8185_discussion_thread/,17,67.0,0.88,30.0
83,84,https://www.reddit.com/r/dbz/comments/8b7ugy/dragon_ball_z_episodes_8185_discussion_thread/,17,67.0,0.88,30.0
84,85,https://www.reddit.com/r/dbz/comments/8b7ugy/dragon_ball_z_episodes_8185_discussion_thread/,17,67.0,0.88,30.0
85,86,https://www.reddit.com/r/dbz/comments/8d1dd6/dragon_ball_z_episodes_8690_discussion_thread/,18,62.0,0.89,24.0
86,87,https://www.reddit.com/r/dbz/comments/8d1dd6/dragon_ball_z_episodes_8690_discussion_thread/,18,62.0,0.89,24.0
87,88,https://www.reddit.com/r/dbz/comments/8d1dd6/dragon_ball_z_episodes_8690_discussion_thread/,18,62.0,0.89,24.0
88,89,https://www.reddit.com/r/dbz/comments/8d1dd6/dragon_ball_z_episodes_8690_discussion_thread/,18,62.0,0.89,24.0
89,90,https://www.reddit.com/r/dbz/comments/8d1dd6/dragon_ball_z_episodes_8690_discussion_thread/,18,62.0,0.89,24.0
90,91,,,,,
91,92,,,,,
92,93,,,,,
93,94,,,,,
94,95,,,,,
95,96,,,,,
96,97,,,,,
97,98,,,,,
98,99,,,,,
99,100,,,,,
100,101,,,,,
101,102,,,,,
102,103,,,,,
103,104,,,,,
104,105,,,,,
105,106,,,,,
106,107,,,,,
107,108,,,,,
108,109,,,,,
109,110,,,,,
110,111,,,,,
111,112,,,,,
112,113,,,,,
113,114,,,,,
114,115,,,,,
115,116,,,,,
116,117,,,,,
117,118,,,,,
118,119,,,,,
119,120,,,,,
120,121,,,,,
121,122,,,,,
122,123,,,,,
123,124,,,,,
124,125,,,,,
125,126,,,,,
126,127,,,,,
127,128,,,,,
128,129,,,,,
129,130,,,,,
130,131,,,,,
131,132,,,,,
132,133,,,,,
133,134,,,,,
134,135,,,,,
135,136,,,,,
136,137,,,,,
137,138,,,,,
138,139,,,,,
139,140,,,,,
140,141,,,,,
141,142,,,,,
142,143,,,,,
143,144,,,,,
144,145,,,,,
145,146,,,,,
146,147,,,,,
147,148,,,,,
148,149,,,,,
149,150,,,,,
150,151,,,,,
151,152,,,,,
152,153,,,,,
153,154,,,,,
154,155,,,,,
155,156,,,,,
156,157,,,,,
157,158,,,,,
158,159,,,,,
159,160,,,,,
160,161,,,,,
161,162,,,,,
162,163,,,,,
163,164,,,,,
164,165,,,,,
165,166,,,,,
166,167,,,,,
167,168,,,,,
168,169,,,,,
169,170,,,,,
170,171,,,,,
171,172,,,,,
172,173,,,,,
173,174,,,,,
174,175,,,,,
175,176,,,,,
176,177,,,,,
177,178,,,,,
178,179,,,,,
179,180,,,,,
180,181,,,,,
181,182,,,,,
182,183,,,,,
183,184,,,,,
184,185,,,,,
185,186,,,,,
186,187,,,,,
187,188,,,,,
188,189,,,,,
189,190,,,,,
190,191,,,,,
191,192,,,,,
192,193,,,,,
193,194,,,,,
194,195,,,,,
195,196,,,,,
196,197,,,,,
197,198,,,,,
198,199,,,,,
199,200,,,,,
200,201,,,,,
201,202,,,,,
202,203,,,,,
203,204,,,,,
204,205,,,,,
205,206,,,,,
206,207,,,,,
207,208,,,,,
208,209,,,,,
209,210,,,,,
210,211,,,,,
211,212,,,,,
212,213,,,,,
213,214,,,,,
214,215,,,,,
215,216,,,,,
216,217,,,,,
217,218,,,,,
218,219,,,,,
219,220,,,,,
220,221,,,,,
221,222,,,,,
222,223,,,,,
223,224,,,,,
224,225,,,,,
225,226,,,,,
226,227,,,,,
227,228,,,,,
228,229,,,,,
229,230,,,,,
230,231,,,,,
231,232,,,,,
232,233,,,,,
233,234,,,,,
234,235,,,,,
235,236,,,,,
236,237,,,,,
237,238,,,,,
238,239,,,,,
239,240,,,,,
240,241,,,,,
241,242,,,,,
242,243,,,,,
243,244,,,,,
244,245,,,,,
245,246,,,,,
246,247,,,,,
247,248,,,,,
248,249,,,,,
249,250,,,,,
250,251,,,,,
251,252,,,,,
252,253,,,,,
253,254,,,,,
254,255,,,,,
255,256,,,,,
256,257,,,,,
257,258,,,,,
258,259,,,,,
259,260,,,,,
260,261,,,,,
261,262,,,,,
262,263,,,,,
263,264,,,,,
264,265,,,,,
265,266,,,,,
266,267,,,,,
267,268,,,,,
268,269,,,,,
269,270,,,,,
270,271,,,,,
271,272,,,,,
272,273,,,,,
273,274,,,,,
274,275,,,,,
275,276,,,,,
276,277,,,,,
277,278,,,,,
278,279,,,,,
279,280,,,,,
280,281,,,,,
281,282,,,,,
282,283,,,,,
283,284,,,,,
284,285,,,,,
285,286,,,,,
286,287,,,,,
287,288,,,,,
288,289,,,,,
289,290,,,,,
290,291,,,,,
